2026-02-08 19:21:49,617 [INFO] Progress: 5/2396. Pending: 2391. Batch size: 20
2026-02-08 19:21:49,618 [INFO] [1/20] Requesting AI for arrived_3atp.svg
2026-02-08 19:21:57,299 [INFO] [2/20] Requesting AI for reickychen_png_white_background_Illustration_of_Woman_getting_5_5b9503f8-8649-475e-855e-988bd8ed8c34.svg
2026-02-08 19:22:03,729 [INFO] [3/20] Requesting AI for fall_zh0m.svg
2026-02-08 19:22:09,490 [INFO] [4/20] Requesting AI for DrinkCoffee.svg
2026-02-08 19:22:16,366 [INFO] [5/20] Requesting AI for wash-hands_ydq5.svg
2026-02-08 19:22:26,470 [INFO] [6/20] Requesting AI for organizing_files_extra_2.svg
2026-02-08 19:22:33,816 [INFO] [7/20] Requesting AI for thoughts_wy7s.svg
2026-02-08 19:22:39,535 [INFO] [8/20] Requesting AI for Young woman looking through a magnifying glass.svg
2026-02-08 19:22:47,259 [INFO] [9/20] Requesting AI for ViewDocument.svg
2026-02-08 19:22:52,688 [INFO] [10/20] Requesting AI for Discussion.svg
2026-02-08 19:22:57,249 [INFO] [11/20] Requesting AI for ud_steps_2.svg
2026-02-08 19:23:06,168 [INFO] [12/20] Requesting AI for winter-activities_v67l.svg
2026-02-08 19:23:11,549 [INFO] [13/20] Requesting AI for feeling-proud_tdos.svg
2026-02-08 19:23:20,162 [INFO] [14/20] Requesting AI for a_woman_giving_a_talk.svg
2026-02-08 19:23:28,346 [INFO] [15/20] Requesting AI for designer-avatar_n5q8.svg
2026-02-08 19:23:37,485 [INFO] [16/20] Requesting AI for search.svg
2026-02-08 19:23:47,407 [INFO] [17/20] Requesting AI for walking-around_tfkb.svg
2026-02-08 19:23:57,234 [INFO] [18/20] Requesting AI for wind-turbine_4z2a.svg
2026-02-08 19:24:04,418 [INFO] [19/20] Requesting AI for browsing-online_rozb.svg
2026-02-08 19:24:11,339 [INFO] [20/20] Requesting AI for making_phone_call_with_sticky.svg
2026-02-08 19:24:20,695 [INFO] Batch completed. New progress: 25/2396
2026-02-08 19:52:43,101 [INFO] files needing AI processing/re-processing: 2396
2026-02-08 19:52:43,101 [INFO] [1/20] Processing barista_wwfa.svg...
2026-02-08 19:52:48,358 [INFO] [2/20] Processing reickychen_png_white_background_Illustration_of_Mobile_phone_wi_9554d2ab-c054-4cef-b96e-dfcaac61fdd3.svg...
2026-02-08 19:52:55,326 [INFO] [3/20] Processing project-complete_1zw5.svg...
2026-02-08 19:53:02,016 [INFO] [4/20] Processing halloween-2025_o47f.svg...
2026-02-08 19:53:07,742 [INFO] [5/20] Processing having-fun_kkeu.svg...
2026-02-08 19:53:14,520 [INFO] [6/20] Processing arrived_3atp.svg...
2026-02-08 19:53:20,903 [INFO] [7/20] Processing reickychen_png_white_background_Illustration_of_Woman_getting_5_5b9503f8-8649-475e-855e-988bd8ed8c34.svg...
2026-02-08 19:53:28,568 [INFO] [8/20] Processing fall_zh0m.svg...
2026-02-08 19:53:34,341 [INFO] [9/20] Processing DrinkCoffee.svg...
2026-02-08 19:53:50,348 [INFO] [10/20] Processing wash-hands_ydq5.svg...
2026-02-08 19:53:55,201 [INFO] [11/20] Processing organizing_files_extra_2.svg...
2026-02-08 19:54:03,146 [INFO] [12/20] Processing thoughts_wy7s.svg...
2026-02-08 19:54:08,951 [INFO] [13/20] Processing Young woman looking through a magnifying glass.svg...
2026-02-08 19:54:14,346 [INFO] [14/20] Processing ViewDocument.svg...
2026-02-08 19:54:20,423 [INFO] [15/20] Processing Discussion.svg...
2026-02-08 19:54:29,047 [INFO] [16/20] Processing ud_steps_2.svg...
2026-02-08 19:54:34,830 [INFO] [17/20] Processing winter-activities_v67l.svg...
2026-02-08 19:54:40,913 [INFO] [18/20] Processing feeling-proud_tdos.svg...
2026-02-08 19:54:46,051 [INFO] [19/20] Processing a_woman_giving_a_talk.svg...
2026-02-08 19:54:52,100 [INFO] [20/20] Processing designer-avatar_n5q8.svg...
2026-02-08 19:54:57,635 [INFO] Batch completed. Processed 20 files.
2026-02-08 20:02:30,408 [INFO] files needing AI processing/re-processing: 2376
2026-02-08 20:02:30,408 [INFO] [1/3000] Processing search.svg...
2026-02-08 20:02:41,248 [INFO] [2/3000] Processing walking-around_tfkb.svg...
2026-02-08 20:02:50,736 [INFO] [3/3000] Processing wind-turbine_4z2a.svg...
2026-02-08 20:02:59,327 [INFO] [4/3000] Processing browsing-online_rozb.svg...
2026-02-08 20:03:07,855 [INFO] [5/3000] Processing making_phone_call_with_sticky.svg...
2026-02-08 20:03:20,391 [INFO] [6/3000] Processing log-out_2vod.svg...
2026-02-08 20:03:31,406 [INFO] [7/3000] Processing Conference.svg...
2026-02-08 20:03:39,558 [INFO] [8/3000] Processing management.svg...
2026-02-08 20:03:48,774 [INFO] [9/3000] Processing businesswoman_8lrc.svg...
2026-02-08 20:04:04,441 [INFO] [10/3000] Processing nature_yf30.svg...
2026-02-08 20:04:13,679 [INFO] [11/3000] Processing to-the-stars_tz9v.svg...
2026-02-08 20:04:23,514 [INFO] [12/3000] Processing play soccer.svg...
2026-02-08 20:04:33,031 [INFO] [13/3000] Processing brainstorming_gny9.svg...
2026-02-08 20:04:43,251 [INFO] [14/3000] Processing crypto-portfolio_mf2i.svg...
2026-02-08 20:04:53,378 [INFO] [15/3000] Processing reickychen_png_white_background_Illustration_of_Customer_servic_ff890e3f-0a38-427f-8ff5-c8e854e28b7d.svg...
2026-02-08 20:05:00,865 [INFO] [16/3000] Processing more-music_1188.svg...
2026-02-08 20:05:08,598 [INFO] [17/3000] Processing reickychen_png_white_background_Illustration_of_Woman_having_on_3ed475ef-80b6-491f-bf2b-3c432777fba6.svg...
2026-02-08 20:05:16,441 [INFO] [18/3000] Processing online-transactions_8chx.svg...
2026-02-08 20:05:22,189 [INFO] [19/3000] Processing mobile-coding_l0or.svg...
2026-02-08 20:05:28,114 [INFO] [20/3000] Processing pumpkin_fgf8.svg...
2026-02-08 20:05:34,670 [INFO] [21/3000] Processing percentages_wi9e.svg...
2026-02-08 20:05:40,303 [INFO] [22/3000] Processing shoping online.svg...
2026-02-08 20:05:45,865 [INFO] [23/3000] Processing deconstructed_izoh.svg...
2026-02-08 20:05:54,737 [INFO] [24/3000] Processing a_programmer_listening_to_music2.svg...
2026-02-08 20:05:59,565 [INFO] [25/3000] Processing tech_startup_brainstorming.svg...
2026-02-08 20:06:06,146 [INFO] [26/3000] Processing Call up.svg...
2026-02-08 20:06:11,936 [INFO] [27/3000] Processing woman presenting on a whiteboard.svg...
2026-02-08 20:06:18,297 [INFO] [28/3000] Processing file-analysis_dg81.svg...
2026-02-08 20:06:24,102 [INFO] [29/3000] Processing teamwork.svg...
2026-02-08 20:06:30,671 [INFO] [30/3000] Processing updated_aoid.svg...
2026-02-08 20:06:36,415 [INFO] [31/3000] Processing pay-with-credit-card_77g6.svg...
2026-02-08 20:06:42,215 [INFO] [32/3000] Processing reading-a-book_4cap.svg...
2026-02-08 20:06:47,594 [INFO] [33/3000] Processing photo-sharing_ori7.svg...
2026-02-08 20:06:55,247 [INFO] [34/3000] Processing female dance.svg...
2026-02-08 20:07:00,150 [INFO] [35/3000] Processing Man and woman giving each other a high five.svg...
2026-02-08 20:07:06,525 [INFO] [36/3000] Processing select-option_6wly.svg...
2026-02-08 20:07:14,330 [INFO] [37/3000] Processing science_kut5.svg...
2026-02-08 20:07:19,633 [INFO] [38/3000] Processing outer-space_qey5.svg...
2026-02-08 20:07:25,472 [INFO] [39/3000] Processing my-resume_etai.svg...
2026-02-08 20:07:32,253 [INFO] [40/3000] Processing dress-up.svg...
2026-02-08 20:07:37,896 [INFO] [41/3000] Processing search_vimp.svg...
2026-02-08 20:07:43,796 [INFO] [42/3000] Processing a_person_sketching.svg...
2026-02-08 20:07:48,831 [INFO] [43/3000] Processing digital-calendar_180l.svg...
2026-02-08 20:07:55,800 [INFO] [44/3000] Processing a_person_drinking.svg...
2026-02-08 20:08:02,184 [INFO] [45/3000] Processing success_288d.svg...
2026-02-08 20:08:07,079 [INFO] [46/3000] Processing android_vygj.svg...
2026-02-08 20:08:12,145 [INFO] [47/3000] Processing a_programmer_writing_code.svg...
2026-02-08 20:08:19,086 [INFO] [48/3000] Processing at-the-park_2y19.svg...
2026-02-08 20:08:25,354 [INFO] [49/3000] Processing online-dating_w9n9.svg...
2026-02-08 20:08:35,153 [INFO] [50/3000] Processing idea_hz8b.svg...
2026-02-08 20:08:42,993 [INFO] [51/3000] Processing santa-visit_cx76.svg...
2026-02-08 20:08:49,923 [INFO] [52/3000] Processing crypto-flowers_5m2p.svg...
2026-02-08 20:08:58,192 [INFO] [53/3000] Processing result_d6p8.svg...
2026-02-08 20:09:04,901 [INFO] [54/3000] Processing site-stats_gfql.svg...
2026-02-08 20:09:10,613 [INFO] [55/3000] Processing a_young_couple.svg...
2026-02-08 20:09:17,551 [INFO] [56/3000] Processing Stock trading statistics on computer.svg...
2026-02-08 20:09:26,453 [INFO] [57/3000] Processing person_leading_a_team_meeting_at_a_conference_table.svg...
2026-02-08 20:09:33,382 [INFO] [58/3000] Processing developer writing code.svg...
2026-02-08 20:09:39,462 [INFO] [59/3000] Processing experts_v2vy.svg...
2026-02-08 20:09:47,795 [INFO] [60/3000] Processing bright-ideas_z7u9.svg...
2026-02-08 20:09:53,928 [INFO] [61/3000] Processing correct-answer_vjt7.svg...
2026-02-08 20:09:59,524 [INFO] [62/3000] Processing Cute_lion.svg...
2026-02-08 20:10:06,028 [INFO] [63/3000] Processing making-art_c05m.svg...
2026-02-08 20:10:11,596 [INFO] [64/3000] Processing a_pilot.svg...
2026-02-08 20:10:20,123 [INFO] [65/3000] Processing secure-password_9qv4.svg...
2026-02-08 20:10:27,154 [INFO] [66/3000] Processing typing_gcve.svg...
2026-02-08 20:10:33,645 [INFO] [67/3000] Processing uploading_nu4x.svg...
2026-02-08 20:10:40,366 [INFO] [68/3000] Processing starting-work_ifnt.svg...
2026-02-08 20:10:47,413 [INFO] [69/3000] Processing ai-response_gaip.svg...
2026-02-08 20:10:53,095 [INFO] [70/3000] Processing woman_walking_a_dog.svg...
2026-02-08 20:10:57,592 [INFO] [71/3000] Processing presenting_a_repor_talk.svg...
2026-02-08 20:11:04,900 [INFO] [72/3000] Processing personal-email_hfut.svg...
2026-02-08 20:11:10,677 [INFO] [73/3000] Processing creative team with laptops.svg...
2026-02-08 20:11:17,739 [INFO] [74/3000] Processing Page not found.svg...
2026-02-08 20:11:24,856 [INFO] [75/3000] Processing contrast_r0d4.svg...
2026-02-08 20:11:30,517 [INFO] [76/3000] Processing bike_gift.svg...
2026-02-08 20:11:38,899 [INFO] [77/3000] Processing mobile-analytics_dtjl.svg...
2026-02-08 20:11:47,350 [INFO] [78/3000] Processing man in red shirt.svg...
2026-02-08 20:11:57,855 [INFO] [79/3000] Processing image-post_auml.svg...
2026-02-08 20:12:08,979 [INFO] [80/3000] Processing girls-just-wanna-have-fun_jj2i.svg...
2026-02-08 20:12:16,890 [INFO] [81/3000] Processing web-browsing_qx8i.svg...
2026-02-08 20:12:28,397 [INFO] [82/3000] Processing under-construction_c2y1.svg...
2026-02-08 20:12:37,655 [INFO] [83/3000] Processing readingt.svg...
2026-02-08 20:12:45,018 [INFO] [84/3000] Processing image-options_zchk.svg...
2026-02-08 20:12:53,063 [INFO] [85/3000] Processing data_scientists_working.svg...
2026-02-08 20:13:00,597 [INFO] [86/3000] Processing standing_by_a_whit.svg...
2026-02-08 20:13:08,501 [INFO] [87/3000] Processing Dancing girl2.svg...
2026-02-08 20:13:15,711 [INFO] [88/3000] Processing features-overview_uone.svg...
2026-02-08 20:13:23,252 [INFO] [89/3000] Processing online-media_opxh.svg...
2026-02-08 20:13:31,833 [INFO] [90/3000] Processing among-nature_2f9e.svg...
2026-02-08 20:13:40,016 [INFO] [91/3000] Processing finance department.svg...
2026-02-08 20:13:48,542 [INFO] [92/3000] Processing save-to-bookmarks_9o51.svg...
2026-02-08 20:13:56,338 [INFO] [93/3000] Processing winner cup.svg...
2026-02-08 20:14:03,668 [INFO] [94/3000] Processing podcast_0ioh.svg...
2026-02-08 20:14:11,595 [INFO] [95/3000] Processing DataAnalysis.svg...
2026-02-08 20:14:19,275 [INFO] [96/3000] Processing contemplating_v4x1.svg...
2026-02-08 20:14:27,657 [INFO] [97/3000] Processing Woman Web designer creating landing page.svg...
2026-02-08 20:14:35,245 [INFO] [98/3000] Processing placeholders_pel0.svg...
2026-02-08 20:14:42,840 [INFO] [99/3000] Processing wine-tasting_jnup.svg...
2026-02-08 20:14:51,561 [INFO] [100/3000] Processing marilyn_uszj.svg...
2026-02-08 20:14:59,368 [INFO] [101/3000] Processing online-articles_g9cg.svg...
2026-02-08 20:15:07,054 [INFO] [102/3000] Processing books_wxzz.svg...
2026-02-08 20:15:17,450 [INFO] [103/3000] Processing beer-celebration_ytqf.svg...
2026-02-08 20:15:26,581 [INFO] [104/3000] Processing a person drinking coffee2.svg...
2026-02-08 20:15:34,394 [INFO] [105/3000] Processing two-factor-authentication_ofho.svg...
2026-02-08 20:15:44,256 [INFO] [106/3000] Processing a financial analyst.svg...
2026-02-08 20:15:53,870 [INFO] [107/3000] Processing image-folder_ep25.svg...
2026-02-08 20:16:03,818 [INFO] [108/3000] Processing Repairman in a helmet.svg...
2026-02-08 20:16:11,045 [INFO] [109/3000] Processing ud_steps_3.svg...
2026-02-08 20:16:22,030 [INFO] [110/3000] Processing Buying online on the phone.svg...
2026-02-08 20:16:30,340 [INFO] [111/3000] Processing growth-curve_kzjb.svg...
2026-02-08 20:16:38,986 [INFO] [112/3000] Processing personal-goals_f9bb.svg...
2026-02-08 20:16:48,577 [INFO] [113/3000] Processing editable_y4ms.svg...
2026-02-08 20:16:57,859 [INFO] [114/3000] Processing Cute_elephant.svg...
2026-02-08 20:17:06,498 [INFO] [115/3000] Processing features_6.svg...
2026-02-08 20:17:15,782 [INFO] [116/3000] Processing message-sent_785q.svg...
2026-02-08 20:17:24,122 [INFO] [117/3000] Processing Photos posted on social media like.svg...
2026-02-08 20:17:32,113 [INFO] [118/3000] Processing social-user_4ses.svg...
2026-02-08 20:17:38,819 [INFO] [119/3000] Processing followers_oy4u.svg...
2026-02-08 20:17:51,616 [INFO] [120/3000] Processing Presentation_extra_1.svg...
2026-02-08 20:17:57,029 [INFO] [121/3000] Processing my-files_yynz.svg...
2026-02-08 20:18:06,243 [INFO] [122/3000] Processing features_4.svg...
2026-02-08 20:18:18,817 [INFO] [123/3000] Processing adventure_9my9.svg...
2026-02-08 20:18:25,847 [INFO] [124/3000] Processing ideas-flow_lwpa.svg...
2026-02-08 20:18:33,310 [INFO] [125/3000] Processing choose_5kz4.svg...
2026-02-08 20:18:41,305 [INFO] [126/3000] Processing ud_steps_1.svg...
2026-02-08 20:18:49,002 [INFO] [127/3000] Processing Cute_koala.svg...
2026-02-08 20:18:55,487 [INFO] [128/3000] Processing specs_2nnl.svg...
2026-02-08 20:19:04,260 [INFO] [129/3000] Processing tweetstorm_wq1q.svg...
2026-02-08 20:19:13,958 [INFO] [130/3000] Processing working-together_r43a.svg...
2026-02-08 20:19:25,683 [INFO] [131/3000] Processing algorithm-execution_rksm.svg...
2026-02-08 20:19:32,995 [INFO] [132/3000] Processing Successful man.svg...
2026-02-08 20:19:40,572 [INFO] [133/3000] Processing Organizing_files_extra_1.svg...
2026-02-08 20:19:47,720 [INFO] [134/3000] Processing career-progress_vfq5.svg...
2026-02-08 20:19:54,496 [INFO] [135/3000] Processing body-text_b6qq.svg...
2026-02-08 20:20:00,250 [INFO] [136/3000] Processing blog_1ca8.svg...
2026-02-08 20:20:11,124 [INFO] [137/3000] Processing feeling-happy_bhy8.svg...
2026-02-08 20:20:17,531 [INFO] [138/3000] Processing appreciate-it_aans.svg...
2026-02-08 20:20:23,259 [INFO] [139/3000] Processing town_oesm.svg...
2026-02-08 20:20:29,044 [INFO] [140/3000] Processing empty-cart_574u.svg...
2026-02-08 20:20:34,515 [INFO] [141/3000] Processing designer_efwz.svg...
2026-02-08 20:20:42,163 [INFO] [142/3000] Processing greek-freak_p532.svg...
2026-02-08 20:20:49,816 [INFO] [143/3000] Processing Cute_penguin.svg...
2026-02-08 20:20:57,535 [INFO] [144/3000] Processing reickychen_png_white_background_Illustration_of_Woman_studying__77c65516-6658-4f8a-ba7c-068e60af95ff.svg...
2026-02-08 20:21:04,221 [INFO] [145/3000] Processing fishing_extra_1.svg...
2026-02-08 20:21:10,340 [INFO] [146/3000] Processing Walking woman with a cup of coffee.svg...
2026-02-08 20:21:16,410 [INFO] [147/3000] Processing deal.svg...
2026-02-08 20:21:26,249 [INFO] [148/3000] Processing towing_e407.svg...
2026-02-08 20:21:33,096 [INFO] [149/3000] Processing collection_ly06.svg...
2026-02-08 20:21:38,833 [INFO] [150/3000] Processing updated-resume_287i.svg...
2026-02-08 20:21:44,203 [INFO] [151/3000] Processing a man riding a motorcycle.svg...
2026-02-08 20:21:51,607 [INFO] [152/3000] Processing Cute_cat.svg...
2026-02-08 20:21:59,428 [INFO] [153/3000] Processing add-tasks_mvlb.svg...
2026-02-08 20:22:06,753 [INFO] [154/3000] Processing analyzing data_on_computer.svg...
2026-02-08 20:22:14,355 [INFO] [155/3000] Processing environment_9luj.svg...
2026-02-08 20:22:21,066 [INFO] [156/3000] Processing drawing-app_nnb0.svg...
2026-02-08 20:22:29,701 [INFO] [157/3000] Processing posts_kv5v.svg...
2026-02-08 20:22:36,372 [INFO] [158/3000] Processing Man with papers.svg...
2026-02-08 20:22:46,335 [INFO] [159/3000] Processing creation_4036.svg...
2026-02-08 20:22:52,184 [INFO] [160/3000] Processing a_person_surfing.svg...
2026-02-08 20:23:00,778 [INFO] [161/3000] Processing agree_g19h.svg...
2026-02-08 20:23:08,439 [INFO] [162/3000] Processing fishing.svg...
2026-02-08 20:23:13,834 [INFO] [163/3000] Processing select_u1sa.svg...
2026-02-08 20:23:20,664 [INFO] [164/3000] Processing doctor_consulting.svg...
2026-02-08 20:23:26,654 [INFO] [165/3000] Processing a_person_practicing_yoga.svg...
2026-02-08 20:23:32,350 [INFO] [166/3000] Processing landscape-mode_z2v5.svg...
2026-02-08 20:23:39,807 [INFO] [167/3000] Processing by_cookie_haha.svg...
2026-02-08 20:23:46,173 [INFO] [168/3000] Processing cooking_in_the_kitchen.svg...
2026-02-08 20:23:52,046 [INFO] [169/3000] Processing online-party_akt6.svg...
2026-02-08 20:23:58,977 [INFO] [170/3000] Processing task management.svg...
2026-02-08 20:24:04,770 [INFO] [171/3000] Processing Man is holding something and raises his hand up.svg...
2026-02-08 20:24:12,558 [INFO] [172/3000] Processing Online Meeting.svg...
2026-02-08 20:24:22,025 [INFO] [173/3000] Processing cool-guy-avatar_qjc4.svg...
2026-02-08 20:24:30,449 [INFO] [174/3000] Processing Young man with open laptop.svg...
2026-02-08 20:24:38,091 [INFO] [175/3000] Processing data-thief_d66l.svg...
2026-02-08 20:24:46,634 [INFO] [176/3000] Processing sketching_extra_1.svg...
2026-02-08 20:24:55,030 [INFO] [177/3000] Processing web-search_9qqc.svg...
2026-02-08 20:25:03,818 [INFO] [178/3000] Processing bitcoin-p2-p_pykv.svg...
2026-02-08 20:25:13,650 [INFO] [179/3000] Processing callcenter.svg...
2026-02-08 20:25:22,503 [INFO] [180/3000] Processing artificial-intelligence_43qa.svg...
2026-02-08 20:25:31,780 [INFO] [181/3000] Processing in-progress_cdfz.svg...
2026-02-08 20:25:40,977 [INFO] [182/3000] Processing real-time-analytics_50za.svg...
2026-02-08 20:25:49,693 [INFO] [183/3000] Processing with-love_rs1k.svg...
2026-02-08 20:25:58,112 [INFO] [184/3000] Processing a software developer.svg...
2026-02-08 20:26:04,961 [INFO] [185/3000] Processing a_teacher.svg...
2026-02-08 20:26:16,122 [INFO] [186/3000] Processing relax-mode_6i13.svg...
2026-02-08 20:26:28,095 [INFO] [187/3000] Processing candidate_q4my.svg...
2026-02-08 20:26:37,193 [INFO] [188/3000] Processing a_young_artis.svg...
2026-02-08 20:26:44,756 [INFO] [189/3000] Processing static-assets_di5m.svg...
2026-02-08 20:26:53,384 [INFO] [190/3000] Processing ai-code-assistant_5xop.svg...
2026-02-08 20:27:02,006 [INFO] [191/3000] Processing intense-feeling_4i8u.svg...
2026-02-08 20:27:10,873 [INFO] [192/3000] Processing a journalist writing an article.svg...
2026-02-08 20:27:19,940 [INFO] [193/3000] Processing a_person_cycling.svg...
2026-02-08 20:27:31,138 [INFO] [194/3000] Processing unboxing_p8sg.svg...
2026-02-08 20:27:40,643 [INFO] [195/3000] Processing expecting_j6le.svg...
2026-02-08 20:27:49,556 [INFO] [196/3000] Processing mobile-apps_p0aa.svg...
2026-02-08 20:27:57,058 [INFO] [197/3000] Processing hello_ccwj.svg...
2026-02-08 20:28:07,800 [INFO] [198/3000] Processing photography.svg...
2026-02-08 20:28:17,144 [INFO] [199/3000] Processing User authentication in mobile application.svg...
2026-02-08 20:28:25,860 [INFO] [200/3000] Processing software-engineer_xv60.svg...
2026-02-08 20:28:47,623 [INFO] [201/3000] Processing nature-benefits_ak6e.svg...
2026-02-08 20:28:57,526 [INFO] [202/3000] Processing a_woman_giving_a_presentation.svg...
2026-02-08 20:29:05,525 [INFO] [203/3000] Processing millennial-girl_30gk.svg...
2026-02-08 20:29:15,804 [INFO] [204/3000] Processing reickychen_png_white_background_Illustration_of_Woman_presentin_ee51c199-5a1b-4de1-9d0e-e5193d70258c.svg...
2026-02-08 20:29:22,849 [INFO] [205/3000] Processing shopping-app_b80f.svg...
2026-02-08 20:29:34,980 [INFO] [206/3000] Processing woman_attending2.svg...
2026-02-08 20:29:45,183 [INFO] [207/3000] Processing time-management_4ss6.svg...
2026-02-08 20:29:56,415 [INFO] [208/3000] Processing files-sent_o4sc.svg...
2026-02-08 20:30:04,726 [INFO] [209/3000] Processing Open Woman working.svg...
2026-02-08 20:30:11,444 [INFO] [210/3000] Processing page-not-found_6wni.svg...
2026-02-08 20:30:22,167 [INFO] [211/3000] Processing email-campaign_2z6t.svg...
2026-02-08 20:30:30,745 [INFO] [212/3000] Processing vegetable_basket.svg...
2026-02-08 20:30:51,081 [INFO] [213/3000] Processing adjust-settings_6pis.svg...
2026-02-08 20:30:58,840 [INFO] [214/3000] Processing everywhere-together_c4di.svg...
2026-02-08 20:31:06,919 [INFO] [215/3000] Processing bull-market_4a8e.svg...
2026-02-08 20:31:17,926 [INFO] [216/3000] Processing analyze_0hyg.svg...
2026-02-08 20:31:29,323 [INFO] [217/3000] Processing video-streaming_cckz.svg...
2026-02-08 20:31:37,593 [INFO] [218/3000] Processing internet-on-the-go_npa2.svg...
2026-02-08 20:31:43,726 [INFO] [219/3000] Processing sign-here_lxua.svg...
2026-02-08 20:31:51,980 [INFO] [220/3000] Processing book-lover_m9n3.svg...
2026-02-08 20:32:07,661 [INFO] [221/3000] Processing a_skier_going.svg...
2026-02-08 20:32:14,679 [INFO] [222/3000] Processing aircraft_usu4.svg...
2026-02-08 20:32:21,092 [INFO] [223/3000] Processing swipe_1puc.svg...
2026-02-08 20:32:27,151 [INFO] [224/3000] Processing smartwatch-map_3u18.svg...
2026-02-08 20:32:34,207 [INFO] [225/3000] Processing social-bio_2xzi.svg...
2026-02-08 20:32:40,291 [INFO] [226/3000] Processing drinking_coffee_and_chatting.svg...
2026-02-08 20:32:49,910 [INFO] [227/3000] Processing moving-forward_md35.svg...
2026-02-08 20:32:56,608 [INFO] [228/3000] Processing notifications_uvwd.svg...
2026-02-08 20:33:03,966 [INFO] [229/3000] Processing online-cv_4iq9.svg...
2026-02-08 20:33:10,592 [INFO] [230/3000] Processing heartbroken_ocfa.svg...
2026-02-08 20:33:35,684 [INFO] [231/3000] Processing social-influencer_hsqo.svg...
2026-02-08 20:33:43,605 [INFO] [232/3000] Processing nice-to-meet-you_sqin.svg...
2026-02-08 20:33:53,275 [INFO] [233/3000] Processing house-searching_g2b8.svg...
2026-02-08 20:34:00,920 [INFO] [234/3000] Processing startled_ez5h.svg...
2026-02-08 20:34:08,649 [INFO] [235/3000] Processing approve_jz6b.svg...
2026-02-08 20:34:15,343 [INFO] [236/3000] Processing photo-session_flr1.svg...
2026-02-08 20:34:21,739 [INFO] [237/3000] Processing online-review_08y6.svg...
2026-02-08 20:34:28,817 [INFO] [238/3000] Processing guy sitting and reading a book.svg...
2026-02-08 20:34:35,901 [INFO] [239/3000] Processing man sitting with laptop.svg...
2026-02-08 20:34:43,391 [INFO] [240/3000] Processing read story book.svg...
2026-02-08 20:34:51,205 [INFO] [241/3000] Processing quitting-time_azp9.svg...
2026-02-08 20:34:57,664 [INFO] [242/3000] Processing male-avatar_zkzx.svg...
2026-02-08 20:35:06,079 [INFO] [243/3000] Processing DiscussionGroup.svg...
2026-02-08 20:35:13,449 [INFO] [244/3000] Processing cloud-sync_h1ig.svg...
2026-02-08 20:35:26,398 [INFO] [245/3000] Processing horror-movie_9020.svg...
2026-02-08 20:35:35,135 [INFO] [246/3000] Processing emails_085h.svg...
2026-02-08 20:35:43,654 [INFO] [247/3000] Processing safari-pinned-tab.svg...
2026-02-08 20:35:49,741 [INFO] [248/3000] Processing a_patient_waiting_in_the_hospit.svg...
2026-02-08 20:35:58,058 [INFO] [249/3000] Processing my-personal-files_886p.svg...
2026-02-08 20:36:06,183 [INFO] [250/3000] Processing select-option_a16s.svg...
2026-02-08 20:36:13,218 [INFO] [251/3000] Processing radiologist_preparing.svg...
2026-02-08 20:36:19,819 [INFO] [252/3000] Processing businesswoman.svg...
2026-02-08 20:36:28,911 [INFO] [253/3000] Processing Thinking man.svg...
2026-02-08 20:36:35,949 [INFO] [254/3000] Processing project-completed_fwjq.svg...
2026-02-08 20:36:41,329 [INFO] [255/3000] Processing social-share_9clm.svg...
2026-02-08 20:36:49,876 [INFO] [256/3000] Processing data science.svg...
2026-02-08 20:36:58,065 [INFO] [257/3000] Processing by-the-road_178b.svg...
2026-02-08 20:37:06,825 [INFO] [258/3000] Processing opinion_bp12.svg...
2026-02-08 20:37:14,359 [INFO] [259/3000] Processing detailed-information_5190.svg...
2026-02-08 20:37:23,480 [INFO] [260/3000] Processing features_5.svg...
2026-02-08 20:37:31,645 [INFO] [261/3000] Processing social-interaction_6fi7.svg...
2026-02-08 20:37:39,867 [INFO] [262/3000] Processing videoChat.svg...
2026-02-08 20:37:48,939 [INFO] [263/3000] Processing Girl.svg...
2026-02-08 20:38:00,420 [INFO] [264/3000] Processing best-place_dhzp.svg...
2026-02-08 20:38:08,927 [INFO] [265/3000] Processing product_manager.svg...
2026-02-08 20:38:19,018 [INFO] [266/3000] Processing taking-photo_s23u.svg...
2026-02-08 20:38:28,064 [INFO] [267/3000] Processing Thoughtful man with empty list.svg...
2026-02-08 20:38:36,969 [INFO] [268/3000] Processing a_marketing_team_discussing.svg...
2026-02-08 20:38:44,456 [INFO] [269/3000] Processing Man thinks about the question.svg...
2026-02-08 20:38:55,278 [INFO] [270/3000] Processing features_1.svg...
2026-02-08 20:39:08,200 [INFO] [271/3000] Processing safe.svg...
2026-02-08 20:39:21,890 [INFO] [272/3000] Processing work-in-progress_m95a.svg...
2026-02-08 20:39:30,855 [INFO] [273/3000] Processing coding_joxb.svg...
2026-02-08 20:39:41,951 [INFO] [274/3000] Processing reviews_ukai.svg...
2026-02-08 20:39:51,723 [INFO] [275/3000] Processing circles_9tlx.svg...
2026-02-08 20:40:01,143 [INFO] [276/3000] Processing a_programmer_presenting_a_project.svg...
2026-02-08 20:40:09,576 [INFO] [277/3000] Processing growth-analytics_bhy7.svg...
2026-02-08 20:40:35,915 [INFO] [278/3000] Processing large-language-models_m4no.svg...
2026-02-08 20:40:45,754 [INFO] [279/3000] Processing medicine_hqqg.svg...
2026-02-08 20:41:08,739 [INFO] [280/3000] Processing chat-bot_c8iw.svg...
2026-02-08 20:41:19,022 [INFO] [281/3000] Processing drinks and shopping.svg...
2026-02-08 20:41:28,574 [INFO] [282/3000] Processing news-editor_5nnl.svg...
2026-02-08 20:41:39,418 [INFO] [283/3000] Processing a_programmer_reviewing_code.svg...
2026-02-08 20:41:48,283 [INFO] [284/3000] Processing Man holding a stack of documents.svg...
2026-02-08 20:41:56,143 [INFO] [285/3000] Processing add-notes_9xls.svg...
2026-02-08 20:42:04,915 [INFO] [286/3000] Processing newspaper_ri3k.svg...
2026-02-08 20:42:12,762 [INFO] [287/3000] Processing remote-meeting_l9wx.svg...
2026-02-08 20:42:20,371 [INFO] [288/3000] Processing vacation-selfie_q5bs.svg...
2026-02-08 20:42:28,872 [INFO] [289/3000] Processing art-thinking_jxnx.svg...
2026-02-08 20:42:36,889 [INFO] [290/3000] Processing progress-data_gvcq.svg...
2026-02-08 20:42:46,047 [INFO] [291/3000] Processing collaboration_dtwk.svg...
2026-02-08 20:42:54,047 [INFO] [292/3000] Processing party_k6eg.svg...
2026-02-08 20:43:01,402 [INFO] [293/3000] Processing a_person_boxing.svg...
2026-02-08 20:43:11,671 [INFO] [294/3000] Processing 404_8.svg...
2026-02-08 20:43:17,351 [INFO] [295/3000] Processing mobile-site_qjby.svg...
2026-02-08 20:43:23,070 [INFO] [296/3000] Processing success-factors_i417.svg...
2026-02-08 20:43:29,903 [INFO] [297/3000] Processing dark-alley_ykce.svg...
2026-02-08 20:43:38,358 [INFO] [298/3000] Processing an_elderly.svg...
2026-02-08 20:43:45,585 [INFO] [299/3000] Processing drawing.svg...
2026-02-08 20:43:51,035 [INFO] [300/3000] Processing the-search_cjxa.svg...
2026-02-08 20:43:55,173 [INFO] [301/3000] Processing Woman raising hand.svg...
2026-02-08 20:44:00,944 [INFO] [302/3000] Processing details_sgb2.svg...
2026-02-08 20:44:07,892 [INFO] [303/3000] Processing tabs_tlxz.svg...
2026-02-08 20:44:15,976 [INFO] [304/3000] Processing typing_on_a_laptop.svg...
2026-02-08 20:44:21,407 [INFO] [305/3000] Processing safe_0mei.svg...
2026-02-08 20:44:27,505 [INFO] [306/3000] Processing about-me_5990.svg...
2026-02-08 20:44:34,860 [INFO] [307/3000] Processing person_giving_a_presentation_in_a_meeting_room.svg...
2026-02-08 20:44:40,640 [INFO] [308/3000] Processing a fashion designer.svg...
2026-02-08 20:44:47,007 [INFO] [309/3000] Processing snow-fun_lee0.svg...
2026-02-08 20:44:54,130 [INFO] [310/3000] Processing organized-content_9szr.svg...
2026-02-08 20:45:04,103 [INFO] [311/3000] Processing reading_atc8.svg...
2026-02-08 20:45:11,638 [INFO] [312/3000] Processing shopping.svg...
2026-02-08 20:45:19,693 [INFO] [313/3000] Processing vibe-coding_mjme.svg...
2026-02-08 20:45:25,743 [INFO] [314/3000] Processing Time management and marking date on calendar.svg...
2026-02-08 20:45:33,413 [INFO] [315/3000] Processing complete-form_aarh.svg...
2026-02-08 20:45:39,799 [INFO] [316/3000] Processing investing_uzcu.svg...
2026-02-08 20:45:46,000 [INFO] [317/3000] Processing standing.svg...
2026-02-08 20:45:52,313 [INFO] [318/3000] Processing Woman resume.svg...
2026-02-08 20:45:58,521 [INFO] [319/3000] Processing staying-in_ot21.svg...
2026-02-08 20:46:08,246 [INFO] [320/3000] Processing a_confused_person.svg...
2026-02-08 20:46:14,061 [INFO] [321/3000] Processing winter-walk_m5sd.svg...
2026-02-08 20:46:19,721 [INFO] [322/3000] Processing pediatrician_checking_a_child.svg...
2026-02-08 20:46:26,606 [INFO] [323/3000] Processing christmas-reindeer_4tvk.svg...
2026-02-08 20:46:32,592 [INFO] [324/3000] Processing device-sync_d9ei.svg...
2026-02-08 20:46:43,136 [INFO] [325/3000] Processing a boy camping in the woods with a tent.svg...
2026-02-08 20:46:50,235 [INFO] [326/3000] Processing focused_m9bj.svg...
2026-02-08 20:46:55,798 [INFO] [327/3000] Processing monthly-users_m84v.svg...
2026-02-08 20:47:01,124 [INFO] [328/3000] Processing chatting_5u5z.svg...
2026-02-08 20:47:09,714 [INFO] [329/3000] Processing trip_rh66.svg...
2026-02-08 20:47:21,293 [INFO] [330/3000] Processing living_9un5.svg...
2026-02-08 20:47:29,284 [INFO] [331/3000] Processing online-stats_d57c.svg...
2026-02-08 20:47:36,729 [INFO] [332/3000] Processing Launching rocket.svg...
2026-02-08 20:47:42,722 [INFO] [333/3000] Processing petting_xclp.svg...
2026-02-08 20:47:49,552 [INFO] [334/3000] Processing order-a-car_x5mq.svg...
2026-02-08 20:47:53,914 [INFO] [335/3000] Processing smartphone_9zbj.svg...
2026-02-08 20:48:01,436 [INFO] [336/3000] Processing small-town_76a2.svg...
2026-02-08 20:48:07,372 [INFO] [337/3000] Processing suburbs_zzmj.svg...
2026-02-08 20:48:13,129 [INFO] [338/3000] Processing processing-thoughts_wakg.svg...
2026-02-08 20:48:18,882 [INFO] [339/3000] Processing unread-messages_hdpw.svg...
2026-02-08 20:48:24,967 [INFO] [340/3000] Processing badminton.svg...
2026-02-08 20:48:31,162 [INFO] [341/3000] Processing inflation_ht0o.svg...
2026-02-08 20:48:38,094 [INFO] [342/3000] Processing mobile-ux_5h2w.svg...
2026-02-08 20:48:44,108 [INFO] [343/3000] Processing memory-storage_x93l.svg...
2026-02-08 20:48:52,194 [INFO] [344/3000] Processing sync_pe2t.svg...
2026-02-08 20:49:00,968 [INFO] [345/3000] Processing working-from-anywhere_33m9.svg...
2026-02-08 20:49:08,132 [INFO] [346/3000] Processing reickychen_404_written_in_large_bold_letters_above_an_open_lapt_156814c3-0bb1-4080-8243-e52dbb46dbf7.svg...
2026-02-08 20:49:14,890 [INFO] [347/3000] Processing order-food_c92i.svg...
2026-02-08 20:49:23,691 [INFO] [348/3000] Processing typing_on_laptop.svg...
2026-02-08 20:49:29,129 [INFO] [349/3000] Processing Seated woman with coffee.svg...
2026-02-08 20:49:37,544 [INFO] [350/3000] Processing organizing_files.svg...
2026-02-08 20:49:45,118 [INFO] [351/3000] Processing spooky-self_eqcy.svg...
2026-02-08 20:49:53,931 [INFO] [352/3000] Processing segment-analysis_cl30.svg...
2026-02-08 20:50:03,582 [INFO] [353/3000] Processing selecting-team_zehd.svg...
2026-02-08 20:50:10,905 [INFO] [354/3000] Processing read-notes_7itt.svg...
2026-02-08 20:50:18,319 [INFO] [355/3000] Processing sitting on clock.svg...
2026-02-08 20:50:26,469 [INFO] [356/3000] Processing window-shopping_9l2k.svg...
2026-02-08 20:50:41,104 [INFO] [357/3000] Processing christmas-stocking_z7i3.svg...
2026-02-08 20:50:50,654 [INFO] [358/3000] Processing a_man_writing.svg...
2026-02-08 20:50:57,605 [INFO] [359/3000] Processing e-commerce.svg...
2026-02-08 20:51:07,923 [INFO] [360/3000] Processing add-content_77x1.svg...
2026-02-08 20:51:16,500 [INFO] [361/3000] Processing design-tools_owgm.svg...
2026-02-08 20:51:24,851 [INFO] [362/3000] Processing browser-stats_nljq.svg...
2026-02-08 20:51:34,418 [INFO] [363/3000] Processing different-love_58hd.svg...
2026-02-08 20:51:43,774 [INFO] [364/3000] Processing netflix_qmju.svg...
2026-02-08 20:51:51,921 [INFO] [365/3000] Processing working_n9u0.svg...
2026-02-08 20:51:59,145 [INFO] [366/3000] Processing in-thought_xa50.svg...
2026-02-08 20:52:10,637 [INFO] [367/3000] Processing idea-sketching_rifv.svg...
2026-02-08 20:52:20,173 [INFO] [368/3000] Processing chat_qmyo.svg...
2026-02-08 20:52:27,655 [INFO] [369/3000] Processing mobile-testing_sm2l.svg...
2026-02-08 20:52:40,336 [INFO] [370/3000] Processing person_watching_a_concert_in_a_music_hall.svg...
2026-02-08 20:52:48,005 [INFO] [371/3000] Processing 404_9.svg...
2026-02-08 20:52:56,193 [INFO] [372/3000] Processing fitness-tracker_y5q5.svg...
2026-02-08 20:53:05,173 [INFO] [373/3000] Processing switches_atb7.svg...
2026-02-08 20:53:12,298 [INFO] [374/3000] Processing man sitting with a laptopt.svg...
2026-02-08 20:53:21,668 [INFO] [375/3000] Processing photo-viewer_opso.svg...
2026-02-08 20:53:29,743 [INFO] [376/3000] Processing fill-forms_npwp.svg...
2026-02-08 20:53:39,199 [INFO] [377/3000] Processing programmer.svg...
2026-02-08 20:53:48,103 [INFO] [378/3000] Processing loving-story_k8gb.svg...
2026-02-08 20:53:57,297 [INFO] [379/3000] Processing virtual-assistant_y1xf.svg...
2026-02-08 20:54:07,777 [INFO] [380/3000] Processing a_programmer_playing_video_games.svg...
2026-02-08 20:54:15,162 [INFO] [381/3000] Processing Woman with laptop and new business idea.svg...
2026-02-08 20:54:23,054 [INFO] [382/3000] Processing free_soup.svg...
2026-02-08 20:54:35,687 [INFO] [383/3000] Processing Employees working on task management.svg...
2026-02-08 20:54:44,024 [INFO] [384/3000] Processing a_woman_typing_on_a_laptop.svg...
2026-02-08 20:54:51,853 [INFO] [385/3000] Processing things-to-say_f5mi.svg...
2026-02-08 20:55:10,495 [INFO] [386/3000] Processing progress-tracking_9m3o.svg...
2026-02-08 20:55:19,249 [INFO] [387/3000] Processing presentation.svg...
2026-02-08 20:55:28,804 [INFO] [388/3000] Processing web-developer_ggt0.svg...
2026-02-08 20:55:37,615 [INFO] [389/3000] Processing messaging-app_wfqi.svg...
2026-02-08 20:55:47,217 [INFO] [390/3000] Processing monitor_ypga.svg...
2026-02-08 20:56:00,019 [INFO] [391/3000] Processing education_3vwh.svg...
2026-02-08 20:56:09,934 [INFO] [392/3000] Processing project-feedback_lr8q.svg...
2026-02-08 20:56:17,621 [INFO] [393/3000] Processing work-from-anywhere_tpk5.svg...
2026-02-08 20:56:24,661 [INFO] [394/3000] Processing advanced-customization_7ms4.svg...
2026-02-08 20:56:30,738 [INFO] [395/3000] Processing lock-screen-notifications_n6o8.svg...
2026-02-08 20:56:37,367 [INFO] [396/3000] Processing features_2.svg...
2026-02-08 20:56:48,683 [INFO] [397/3000] Processing swing_7z8i.svg...
2026-02-08 20:56:58,544 [INFO] [398/3000] Processing online-page_qiv4.svg...
2026-02-08 20:57:05,331 [INFO] [399/3000] Processing surveillance_k6wl.svg...
2026-02-08 20:57:12,489 [INFO] [400/3000] Processing brainstorming.svg...
2026-02-08 20:57:18,745 [INFO] [401/3000] Processing reminders_ll1x.svg...
2026-02-08 20:57:25,643 [INFO] [402/3000] Processing social-media-profile_hjh9.svg...
2026-02-08 20:57:30,579 [INFO] [403/3000] Processing text-messages_978a.svg...
2026-02-08 20:57:40,816 [INFO] [404/3000] Processing buddies_udt4.svg...
2026-02-08 20:57:48,308 [INFO] [405/3000] Processing designer_extra_1.svg...
2026-02-08 20:57:56,508 [INFO] [406/3000] Processing team-up_qeem.svg...
2026-02-08 20:58:10,256 [INFO] [407/3000] Processing coffee-time_98vi.svg...
2026-02-08 20:58:16,991 [INFO] [408/3000] Processing shoping online phone.svg...
2026-02-08 20:58:26,736 [INFO] [409/3000] Processing focus_y60l.svg...
2026-02-08 20:58:42,043 [INFO] [410/3000] Processing cms_2ulf.svg...
2026-02-08 20:58:51,540 [INFO] [411/3000] Processing answering_phone_call.svg...
2026-02-08 20:59:00,339 [INFO] [412/3000] Processing hooked_0qsn.svg...
2026-02-08 20:59:05,837 [INFO] [413/3000] Processing map.svg...
2026-02-08 20:59:11,370 [INFO] [414/3000] Processing security-on_3ykb.svg...
2026-02-08 20:59:16,685 [INFO] [415/3000] Processing neighbors_z879.svg...
2026-02-08 20:59:27,677 [INFO] [416/3000] Processing businessman_8vs7.svg...
2026-02-08 20:59:35,171 [INFO] [417/3000] Processing lighthouse_x9i6.svg...
2026-02-08 20:59:41,885 [INFO] [418/3000] Processing tasks_l9ct.svg...
2026-02-08 20:59:48,927 [INFO] [419/3000] Processing giving each other a high five to celebrate success.svg...
2026-02-08 20:59:55,097 [INFO] [420/3000] Processing effortless-love_zg5q.svg...
2026-02-08 21:00:09,624 [INFO] [421/3000] Processing upload_cucu.svg...
2026-02-08 21:00:15,705 [INFO] [422/3000] Processing Girl sends a message from her laptop.svg...
2026-02-08 21:00:21,206 [INFO] [423/3000] Processing confirm_rds7.svg...
2026-02-08 21:00:29,779 [INFO] [424/3000] Processing innovative_9l1b.svg...
2026-02-08 21:00:36,173 [INFO] [425/3000] Processing sketching_business_plan.svg...
2026-02-08 21:00:46,426 [INFO] [426/3000] Processing celebrating-2026_sipw.svg...
2026-02-08 21:00:58,043 [INFO] [427/3000] Processing bike.svg...
2026-02-08 21:01:05,951 [INFO] [428/3000] Processing man dancing.svg...
2026-02-08 21:01:12,650 [INFO] [429/3000] Processing building_burz.svg...
2026-02-08 21:01:19,414 [INFO] [430/3000] Processing working-late_nh09.svg...
2026-02-08 21:01:26,100 [INFO] [431/3000] Processing woman_nxse.svg...
2026-02-08 21:01:39,037 [INFO] [432/3000] Processing prioritise_f8db.svg...
2026-02-08 21:01:45,663 [INFO] [433/3000] Processing preparation_59f0.svg...
2026-02-08 21:01:53,099 [INFO] [434/3000] Processing unicorn_u24j.svg...
2026-02-08 21:02:04,478 [INFO] [435/3000] Processing a_programmer_refactoring_code.svg...
2026-02-08 21:02:14,022 [INFO] [436/3000] Processing eco-conscious_oqny.svg...
2026-02-08 21:02:25,151 [INFO] [437/3000] Processing diary_f7r8.svg...
2026-02-08 21:02:33,042 [INFO] [438/3000] Processing control-panel_j1wf.svg...
2026-02-08 21:02:42,206 [INFO] [439/3000] Processing businessman_walking.svg...
2026-02-08 21:02:54,323 [INFO] [440/3000] Processing woman_walking_and_drinking.svg...
2026-02-08 21:03:02,706 [INFO] [441/3000] Processing close-tab_jr11.svg...
2026-02-08 21:04:04,136 [ERROR] Request exception: HTTPSConnectionPool(host='api.siliconflow.cn', port=443): Read timed out. (read timeout=60)
2026-02-08 21:04:05,182 [INFO] [442/3000] Processing developer-avatar_f6ac.svg...
2026-02-08 21:04:13,840 [INFO] [443/3000] Processing product-iteration_r2wg.svg...
2026-02-08 21:04:24,775 [INFO] [444/3000] Processing favorite-post_5ylx.svg...
2026-02-08 21:04:34,120 [INFO] [445/3000] Processing server_9eix.svg...
2026-02-08 21:04:45,808 [INFO] [446/3000] Processing toast-notifications_bl43.svg...
2026-02-08 21:04:57,804 [INFO] [447/3000] Processing a_young_woman_skateboard.svg...
2026-02-08 21:05:04,950 [INFO] [448/3000] Processing organizing_files3.svg...
2026-02-08 21:05:13,916 [INFO] [449/3000] Processing bibliophile_sbt0.svg...
2026-02-08 21:05:24,741 [INFO] [450/3000] Processing a_person_reading.svg...
2026-02-08 21:05:33,755 [INFO] [451/3000] Processing couple_vg5l.svg...
2026-02-08 21:05:43,031 [INFO] [452/3000] Processing attached-file_j0t2.svg...
2026-02-08 21:05:51,996 [INFO] [453/3000] Processing social-dashboard_81sv.svg...
2026-02-08 21:06:01,589 [INFO] [454/3000] Processing chef.svg...
2026-02-08 21:06:09,619 [INFO] [455/3000] Processing instruction-manual_4hih.svg...
2026-02-08 21:06:18,333 [INFO] [456/3000] Processing Young woman with headphones.svg...
2026-02-08 21:06:28,798 [INFO] [457/3000] Processing senior_man_reading.svg...
2026-02-08 21:06:49,246 [INFO] [458/3000] Processing vr-chat_tiua.svg...
2026-02-08 21:06:56,933 [INFO] [459/3000] Processing dreamer_gb41.svg...
2026-02-08 21:07:04,351 [INFO] [460/3000] Processing job-hunt_5umi.svg...
2026-02-08 21:07:29,912 [INFO] [461/3000] Processing flowers_171u.svg...
2026-02-08 21:07:38,849 [INFO] [462/3000] Processing calculator_21hp.svg...
2026-02-08 21:07:49,759 [INFO] [463/3000] Processing guide.svg...
2026-02-08 21:08:00,946 [INFO] [464/3000] Processing relaxing-outdoors_s653.svg...
2026-02-08 21:08:19,152 [INFO] [465/3000] Processing about-us-page_dbh0.svg...
2026-02-08 21:08:28,268 [INFO] [466/3000] Processing social-strategy_v9qr.svg...
2026-02-08 21:08:34,875 [INFO] [467/3000] Processing beach-day_cnsv.svg...
2026-02-08 21:08:40,952 [INFO] [468/3000] Processing organizing_files2.svg...
2026-02-08 21:08:49,140 [INFO] [469/3000] Processing mobile-feed_5vtf.svg...
2026-02-08 21:08:55,340 [INFO] [470/3000] Processing shopping_extra_1.svg...
2026-02-08 21:09:02,063 [INFO] [471/3000] Processing writeAnEmail.svg...
2026-02-08 21:09:11,103 [INFO] [472/3000] Processing task-list_qe3p.svg...
2026-02-08 21:09:17,753 [INFO] [473/3000] Processing boy holding a basketball.svg...
2026-02-08 21:09:23,645 [INFO] [474/3000] Processing pricing-page_88g4.svg...
2026-02-08 21:09:31,574 [INFO] [475/3000] Processing subscriber_whh0.svg...
2026-02-08 21:09:38,947 [INFO] [476/3000] Processing composition_aydi.svg...
2026-02-08 21:09:44,633 [INFO] [477/3000] Processing talking.svg...
2026-02-08 21:09:52,051 [INFO] [478/3000] Processing taking-selfie_swcs.svg...
2026-02-08 21:09:58,074 [INFO] [479/3000] Processing mello_uiud.svg...
2026-02-08 21:10:07,759 [INFO] [480/3000] Processing job-offers_55y0.svg...
2026-02-08 21:10:13,806 [INFO] [481/3000] Processing Teamwork on a web page layout.svg...
2026-02-08 21:10:20,154 [INFO] [482/3000] Processing hot-cocoa_64a7.svg...
2026-02-08 21:10:30,919 [INFO] [483/3000] Processing video-call_i5de.svg...
2026-02-08 21:10:36,508 [INFO] [484/3000] Processing a_person_holding_files.svg...
2026-02-08 21:10:42,310 [INFO] [485/3000] Processing a veterinarian caring for animals.svg...
2026-02-08 21:10:49,331 [INFO] [486/3000] Processing track-and-field_i2au.svg...
2026-02-08 21:10:56,925 [INFO] [487/3000] Processing social-notifications_zahe.svg...
2026-02-08 21:11:02,684 [INFO] [488/3000] Processing car-salesman_ni2a.svg...
2026-02-08 21:11:09,431 [INFO] [489/3000] Processing step-to-the-sun_wp49.svg...
2026-02-08 21:11:16,155 [INFO] [490/3000] Processing Buy Now.svg...
2026-02-08 21:11:25,937 [INFO] [491/3000] Processing blank-canvas_a6x5.svg...
2026-02-08 21:11:32,822 [INFO] [492/3000] Processing reickychen_A_woman_with_her_phone_in_hand_pushing_an_empty_shop_d7a4e1b5-cf42-4c05-a6b2-da5e3f93dd4e.svg...
2026-02-08 21:11:42,415 [INFO] [493/3000] Processing pet-adoption_h7wv.svg...
2026-02-08 21:11:50,076 [INFO] [494/3000] Processing computer-apps_7v3q.svg...
2026-02-08 21:11:56,068 [INFO] [495/3000] Processing new-message_qvv6.svg...
2026-02-08 21:12:06,392 [INFO] [496/3000] Processing going-upwards_0y3z.svg...
2026-02-08 21:12:12,391 [INFO] [497/3000] Processing eating-pasta_96tb.svg...
2026-02-08 21:12:18,413 [INFO] [498/3000] Processing personalization_0q05.svg...
2026-02-08 21:12:26,875 [INFO] [499/3000] Processing winter-road_hxt3.svg...
2026-02-08 21:12:33,915 [INFO] [500/3000] Processing add-document_oqbr.svg...
2026-02-08 21:12:39,397 [INFO] [501/3000] Processing refreshing-beverage_w8al.svg...
2026-02-08 21:12:45,439 [INFO] [502/3000] Processing welcome-aboard_y4e9.svg...
2026-02-08 21:12:57,256 [INFO] [503/3000] Processing design-inspiration_2mrc.svg...
2026-02-08 21:13:08,259 [INFO] [504/3000] Processing reickychen_png_white_background_Illustration_of_Team_of_three_p_133ed1c2-881b-4f41-82da-a4d3a3762341.svg...
2026-02-08 21:13:13,603 [INFO] [505/3000] Processing discount_igfl.svg...
2026-02-08 21:13:20,329 [INFO] [506/3000] Processing talking near the cooler in the office.svg...
2026-02-08 21:13:31,856 [INFO] [507/3000] Processing investment_ojxu.svg...
2026-02-08 21:13:39,204 [INFO] [508/3000] Processing modern-life_nfjp.svg...
2026-02-08 21:13:49,265 [INFO] [509/3000] Processing pancakes_5hix.svg...
2026-02-08 21:13:55,757 [INFO] [510/3000] Processing friendship_chd3.svg...
2026-02-08 21:14:01,415 [INFO] [511/3000] Processing in-no-time_ax6n.svg...
2026-02-08 21:14:07,998 [INFO] [512/3000] Processing a_team_having_a_video.svg...
2026-02-08 21:14:14,590 [INFO] [513/3000] Processing learning_qt7d.svg...
2026-02-08 21:14:21,201 [INFO] [514/3000] Processing weather-forecast_h6pw.svg...
2026-02-08 21:14:31,527 [INFO] [515/3000] Processing Box with gift.svg...
2026-02-08 21:14:38,354 [INFO] [516/3000] Processing visual-data_1eya.svg...
2026-02-08 21:14:46,115 [INFO] [517/3000] Processing order-delivered_puaw.svg...
2026-02-08 21:15:02,312 [INFO] [518/3000] Processing location-search_nesh.svg...
2026-02-08 21:15:12,769 [INFO] [519/3000] Processing Boy presenting bouquet to a girl.svg...
2026-02-08 21:15:21,043 [INFO] [520/3000] Processing lost_teip.svg...
2026-02-08 21:15:31,008 [INFO] [521/3000] Processing online-everywhere_4t8u.svg...
2026-02-08 21:15:38,222 [INFO] [522/3000] Processing design-process_vsrt.svg...
2026-02-08 21:15:47,505 [INFO] [523/3000] Processing beyond-profiles_ma4m.svg...
2026-02-08 21:15:54,737 [INFO] [524/3000] Processing a_person_making_a_prototype.svg...
2026-02-08 21:16:03,514 [INFO] [525/3000] Processing augmented-reality_3ie0.svg...
2026-02-08 21:16:12,479 [INFO] [526/3000] Processing features_3.svg...
2026-02-08 21:16:22,439 [INFO] [527/3000] Processing day-dreaming_2mlz.svg...
2026-02-08 21:16:34,233 [INFO] [528/3000] Processing listening_fz9g.svg...
2026-02-08 21:16:42,816 [INFO] [529/3000] Processing 404_19.svg...
2026-02-08 21:17:03,601 [INFO] [530/3000] Processing graduation_u7uc.svg...
2026-02-08 21:17:10,705 [INFO] [531/3000] Processing post-online_cjn9.svg...
2026-02-08 21:17:20,770 [INFO] [532/3000] Processing heatmap_zy1q.svg...
2026-02-08 21:17:31,569 [INFO] [533/3000] Processing fill-the-blank_n29z.svg...
2026-02-08 21:17:40,114 [INFO] [534/3000] Processing goal_rulh.svg...
2026-02-08 21:17:48,145 [INFO] [535/3000] Processing collecting_3zyb.svg...
2026-02-08 21:17:56,774 [INFO] [536/3000] Processing teddy-bear_6rqf.svg...
2026-02-08 21:18:06,132 [INFO] [537/3000] Processing tasting_cd81.svg...
2026-02-08 21:18:17,094 [INFO] [538/3000] Processing fitness-influencer-avatar_04j0.svg...
2026-02-08 21:18:26,344 [INFO] [539/3000] Processing female-avatar_7t6k.svg...
2026-02-08 21:18:35,511 [INFO] [540/3000] Processing team_85hs.svg...
2026-02-08 21:18:44,457 [INFO] [541/3000] Processing business-chat_xea1.svg...
2026-02-08 21:18:51,194 [INFO] [542/3000] Processing prototyping-process_1thp.svg...
2026-02-08 21:18:59,263 [INFO] [543/3000] Processing pen-tool_sbiz.svg...
2026-02-08 21:19:09,106 [INFO] [544/3000] Processing creative-team_wfty.svg...
2026-02-08 21:19:16,852 [INFO] [545/3000] Processing elements_8i1l.svg...
2026-02-08 21:19:26,079 [INFO] [546/3000] Processing up.svg...
2026-02-08 21:19:36,306 [INFO] [547/3000] Processing Algolia-logo-blue.svg...
2026-02-08 21:19:46,237 [INFO] [548/3000] Processing portfolio-feedback_4iok.svg...
2026-02-08 21:19:54,232 [INFO] [549/3000] Processing reickychen_500_written_in_large_bold_letters_above_an_open_lapt_8b675ea5-986d-4670-8247-8c14203c702c.svg...
2026-02-08 21:20:06,391 [INFO] [550/3000] Processing posts_gpjx.svg...
2026-02-08 21:20:15,987 [INFO] [551/3000] Processing fitting-pieces_k7hv.svg...
2026-02-08 21:20:28,455 [INFO] [552/3000] Processing order_takeout.svg...
2026-02-08 21:20:35,758 [INFO] [553/3000] Processing reickychen_png_white_background_Illustration_of_Woman_giving_pr_55ee3a97-df54-48c8-b960-7f4d12687102.svg...
2026-02-08 21:20:43,504 [INFO] [554/3000] Processing healthy-options_ne00.svg...
2026-02-08 21:20:55,357 [INFO] [555/3000] Processing continuous-learning_a1ld.svg...
2026-02-08 21:21:06,876 [INFO] [556/3000] Processing virtual-reality_4fo0.svg...
2026-02-08 21:21:13,590 [INFO] [557/3000] Processing getting-coffee_rzv2.svg...
2026-02-08 21:21:20,391 [INFO] [558/3000] Processing writing-down-ideas_h99r.svg...
2026-02-08 21:21:26,842 [INFO] [559/3000] Processing healthy-habit_2ata.svg...
2026-02-08 21:21:32,774 [INFO] [560/3000] Processing person_having_a_video_conference_in_their_office.svg...
2026-02-08 21:21:38,721 [INFO] [561/3000] Processing Man sitting on a chair .svg...
2026-02-08 21:21:46,241 [INFO] [562/3000] Processing a_programmer_hackathon.svg...
2026-02-08 21:21:52,132 [INFO] [563/3000] Processing presenting_a_repor_talk2.svg...
2026-02-08 21:22:00,195 [INFO] [564/3000] Processing mobile-profile_vhpl.svg...
2026-02-08 21:22:12,803 [INFO] [565/3000] Processing color-schemes_r29x.svg...
2026-02-08 21:22:20,466 [INFO] [566/3000] Processing a_woman_walking_with_a_shopping_happy.svg...
2026-02-08 21:22:27,507 [INFO] [567/3000] Processing santa-claus-avatar_2e53.svg...
2026-02-08 21:22:33,325 [INFO] [568/3000] Processing chasing-love_ny97.svg...
2026-02-08 21:22:41,588 [INFO] [569/3000] Processing a_man_and_woman_sitting_on_the__ddc.svg...
2026-02-08 21:22:50,546 [INFO] [570/3000] Processing a_programmer_debug.svg...
2026-02-08 21:22:56,315 [INFO] [571/3000] Processing target_d6hf.svg...
2026-02-08 21:23:06,100 [INFO] [572/3000] Processing mobile-life_m72o.svg...
2026-02-08 21:23:13,183 [INFO] [573/3000] Processing forms_1ciz.svg...
2026-02-08 21:23:19,677 [INFO] [574/3000] Processing mobile_fxri.svg...
2026-02-08 21:23:30,809 [INFO] [575/3000] Processing completed_vjc6.svg...
2026-02-08 21:23:37,930 [INFO] [576/3000] Processing robot team.svg...
2026-02-08 21:23:46,348 [INFO] [577/3000] Processing outdoor-adventure_0xrb.svg...
2026-02-08 21:23:53,593 [INFO] [578/3000] Processing post_gs8w.svg...
2026-02-08 21:24:01,722 [INFO] [579/3000] Processing riding_bicycle.svg...
2026-02-08 21:24:10,229 [INFO] [580/3000] Processing a_programmer_working.svg...
2026-02-08 21:24:18,361 [INFO] [581/3000] Processing walking-in-rain_tw0k.svg...
2026-02-08 21:24:25,907 [INFO] [582/3000] Processing social-girl_gytt.svg...
2026-02-08 21:24:31,840 [INFO] [583/3000] Processing source-code_m0vh.svg...
2026-02-08 21:24:39,027 [INFO] [584/3000] Processing picturewearing_a_green_tie.svg...
2026-02-08 21:24:45,145 [INFO] [585/3000] Processing i-can-fly_0cuj.svg...
2026-02-08 21:24:52,313 [INFO] [586/3000] Processing nature-fun_vkot.svg...
2026-02-08 21:24:58,876 [INFO] [587/3000] Processing yoga_extra_1.svg...
2026-02-08 21:25:05,603 [INFO] [588/3000] Processing phone-call_ov3z.svg...
2026-02-08 21:25:14,348 [INFO] [589/3000] Processing work-chat_hc3y.svg...
2026-02-08 21:25:27,995 [INFO] [590/3000] Processing working.svg...
2026-02-08 21:25:34,301 [INFO] [591/3000] Processing scooter_izdb.svg...
2026-02-08 21:25:40,158 [INFO] [592/3000] Processing youtube-tutorial_xgp1.svg...
2026-02-08 21:25:46,523 [INFO] [593/3000] Processing Resting.svg...
2026-02-08 21:25:52,441 [INFO] [594/3000] Processing a_woman_reading_book.svg...
2026-02-08 21:25:58,711 [INFO] [595/3000] Processing taking notes at the computer.svg...
2026-02-08 21:26:06,076 [INFO] [596/3000] Processing School_counselor_talking.svg...
2026-02-08 21:26:12,790 [INFO] [597/3000] Processing document-search_2o7x.svg...
2026-02-08 21:26:18,599 [INFO] [598/3000] Processing both-sides_mrcf.svg...
2026-02-08 21:26:24,945 [INFO] [599/3000] Processing wordpress_l75e.svg...
2026-02-08 21:26:32,488 [INFO] [600/3000] Processing plane.svg...
2026-02-08 21:26:39,246 [INFO] [601/3000] Processing Woman with analytics clipboard_extra_1.svg...
2026-02-08 21:26:44,877 [INFO] [602/3000] Processing grades_hqyk.svg...
2026-02-08 21:26:54,061 [INFO] [603/3000] Processing add-files_d04y.svg...
2026-02-08 21:27:00,760 [INFO] [604/3000] Processing woman_reading_a_book.svg...
2026-02-08 21:27:07,516 [INFO] [605/3000] Processing fall in love.svg...
2026-02-08 21:27:13,929 [INFO] [606/3000] Processing walk-stats_g34b.svg...
2026-02-08 21:27:20,020 [INFO] [607/3000] Processing woman_taking_a_walk.svg...
2026-02-08 21:27:25,742 [INFO] [608/3000] Processing Jumping girl.svg...
2026-02-08 21:27:34,073 [INFO] [609/3000] Processing articles_visl.svg...
2026-02-08 21:27:43,446 [INFO] [610/3000] Processing air-support_dqct.svg...
2026-02-08 21:27:51,678 [INFO] [611/3000] Processing a_woman_painting.svg...
2026-02-08 21:28:04,465 [INFO] [612/3000] Processing stars_5pgw.svg...
2026-02-08 21:28:14,391 [INFO] [613/3000] Processing contract_upwc.svg...
2026-02-08 21:28:21,460 [INFO] [614/3000] Processing social-friends_mt6k.svg...
2026-02-08 21:28:31,391 [INFO] [615/3000] Processing creative-flow_t3kz.svg...
2026-02-08 21:28:42,875 [INFO] [616/3000] Processing a_programmer_participating.svg...
2026-02-08 21:28:50,803 [INFO] [617/3000] Processing notes_dyq8.svg...
2026-02-08 21:28:58,905 [INFO] [618/3000] Processing winter-skating_anjy.svg...
2026-02-08 21:29:06,879 [INFO] [619/3000] Processing quick-chat_3gj8.svg...
2026-02-08 21:29:15,198 [INFO] [620/3000] Processing Watering the Flowers.svg...
2026-02-08 21:29:22,967 [INFO] [621/3000] Processing it_department.svg...
2026-02-08 21:29:32,234 [INFO] [622/3000] Processing choosing-house_u1wp.svg...
2026-02-08 21:29:40,169 [INFO] [623/3000] Processing my-documents_ltqk.svg...
2026-02-08 21:29:47,083 [INFO] [624/3000] Processing a_person_taking_a_break.svg...
2026-02-08 21:29:54,773 [INFO] [625/3000] Processing security_0ubl.svg...
2026-02-08 21:30:03,852 [INFO] [626/3000] Processing off-road_34hg.svg...
2026-02-08 21:30:11,816 [INFO] [627/3000] Processing react_ytu4.svg...
2026-02-08 21:30:19,835 [INFO] [628/3000] Processing file-searching_2ne8.svg...
2026-02-08 21:30:28,477 [INFO] [629/3000] Processing presenting_a_repor_talk3.svg...
2026-02-08 21:30:37,698 [INFO] [630/3000] Processing a_personal_presenting a financial report.svg...
2026-02-08 21:30:48,717 [INFO] [631/3000] Processing certification_i2m0.svg...
2026-02-08 21:30:57,361 [INFO] [632/3000] Processing music_3vas.svg...
2026-02-08 21:31:06,235 [INFO] [633/3000] Processing happy-announcement_23nf.svg...
2026-02-08 21:31:14,560 [INFO] [634/3000] Processing jewelry_39lx.svg...
2026-02-08 21:31:22,422 [INFO] [635/3000] Processing surfer_sf60.svg...
2026-02-08 21:31:30,841 [INFO] [636/3000] Processing team_brainstorming_deas.svg...
2026-02-08 21:31:44,003 [INFO] [637/3000] Processing easter-bunny_1v4n.svg...
2026-02-08 21:31:51,798 [INFO] [638/3000] Processing open-source_g069.svg...
2026-02-08 21:31:59,680 [INFO] [639/3000] Processing engineering-team_13ax.svg...
2026-02-08 21:32:08,132 [INFO] [640/3000] Processing a_person_giving_a_presentation.svg...
2026-02-08 21:32:17,534 [INFO] [641/3000] Processing good-doggy_4ast.svg...
2026-02-08 21:32:27,192 [INFO] [642/3000] Processing usability-testing_w7dd.svg...
2026-02-08 21:32:39,125 [INFO] [643/3000] Processing reickychen_png_white_background_Illustration_of_Man_and_woman_d_4a3af00a-7184-404d-bbf4-c9cc4b8cbd7f.svg...
2026-02-08 21:32:46,859 [INFO] [644/3000] Processing handshake-deal_nwk6.svg...
2026-02-08 21:32:55,033 [INFO] [645/3000] Processing a_girl_wearing_a_straw_hat.svg...
2026-02-08 21:33:02,822 [INFO] [646/3000] Processing Student_presenting.svg...
2026-02-08 21:33:10,071 [INFO] [647/3000] Processing vault_tyfh.svg...
2026-02-08 21:33:20,397 [INFO] [648/3000] Processing email-capture_m6k0.svg...
2026-02-08 21:33:30,072 [INFO] [649/3000] Processing schedule_ry1w.svg...
2026-02-08 21:33:37,856 [INFO] [650/3000] Processing spreadsheet_uj8z.svg...
2026-02-08 21:33:45,284 [INFO] [651/3000] Processing throw-down_0fmr.svg...
2026-02-08 21:33:59,080 [INFO] [652/3000] Processing web-development_f0tp.svg...
2026-02-08 21:34:05,448 [INFO] [653/3000] Processing talk.svg...
2026-02-08 21:34:11,845 [INFO] [654/3000] Processing working-remotely_ivtz.svg...
2026-02-08 21:34:18,687 [INFO] [655/3000] Processing joyride_mb83.svg...
2026-02-08 21:34:25,609 [INFO] [656/3000] Processing woman working.svg...
2026-02-08 21:34:37,314 [INFO] [657/3000] Processing website optimization.svg...
2026-02-08 21:34:44,128 [INFO] [658/3000] Processing 404_24.svg...
2026-02-08 21:34:51,831 [INFO] [659/3000] Processing completed-steps_ngu7.svg...
2026-02-08 21:34:58,882 [INFO] [660/3000] Processing mobile-web_eqrb.svg...
2026-02-08 21:35:05,986 [INFO] [661/3000] Processing professional-woman-avatar_ivds.svg...
2026-02-08 21:35:13,015 [INFO] [662/3000] Processing biking_m4mb.svg...
2026-02-08 21:35:20,641 [INFO] [663/3000] Processing drinking_coffee.svg...
2026-02-08 21:35:28,487 [INFO] [664/3000] Processing playing_in_a_treehouse.svg...
2026-02-08 21:35:34,697 [INFO] [665/3000] Processing 404_18.svg...
2026-02-08 21:35:40,427 [INFO] [666/3000] Processing blooming_g9e9.svg...
2026-02-08 21:35:48,864 [INFO] [667/3000] Processing teamwork_zplp.svg...
2026-02-08 21:35:54,268 [INFO] [668/3000] Processing braille_hvfe.svg...
2026-02-08 21:36:01,086 [INFO] [669/3000] Processing project-team_dip6.svg...
2026-02-08 21:36:08,004 [INFO] [670/3000] Processing font_cooz.svg...
2026-02-08 21:36:15,442 [INFO] [671/3000] Processing timeline_2gfy.svg...
2026-02-08 21:36:23,375 [INFO] [672/3000] Processing man_sitting_at_the_computer.svg...
2026-02-08 21:36:28,558 [INFO] [673/3000] Processing maleCustomerService.svg...
2026-02-08 21:36:33,275 [INFO] [674/3000] Processing online-resume_z4sp.svg...
2026-02-08 21:36:40,005 [INFO] [675/3000] Processing newsfeed_8ms9.svg...
2026-02-08 21:36:44,466 [INFO] [676/3000] Processing a_confused_perso.svg...
2026-02-08 21:36:50,244 [INFO] [677/3000] Processing forgot-password_nttj.svg...
2026-02-08 21:36:55,942 [INFO] [678/3000] Processing Cute_fox.svg...
2026-02-08 21:37:01,371 [INFO] [679/3000] Processing Woman talking to AI chatbot.svg...
2026-02-08 21:37:06,114 [INFO] [680/3000] Processing relaxation_jsge.svg...
2026-02-08 21:37:11,999 [INFO] [681/3000] Processing miro_pu4s.svg...
2026-02-08 21:37:19,219 [INFO] [682/3000] Processing happy-birthday_lmk0.svg...
2026-02-08 21:37:26,471 [INFO] [683/3000] Processing connection-lost_am29.svg...
2026-02-08 21:37:36,731 [INFO] [684/3000] Processing makeup-artist_0xtr.svg...
2026-02-08 21:37:42,263 [INFO] [685/3000] Processing young-and-happy_ihtu.svg...
2026-02-08 21:37:49,317 [INFO] [686/3000] Processing city-driver_kgk7.svg...
2026-02-08 21:37:55,835 [INFO] [687/3000] Processing a_person_checkin.svg...
2026-02-08 21:38:05,088 [INFO] [688/3000] Processing moments_4a32.svg...
2026-02-08 21:38:11,920 [INFO] [689/3000] Processing celebrate success_extra_1.svg...
2026-02-08 21:38:18,613 [INFO] [690/3000] Processing data_25jw.svg...
2026-02-08 21:38:24,321 [INFO] [691/3000] Processing palette_0vh3.svg...
2026-02-08 21:38:31,369 [INFO] [692/3000] Processing newsletter-subscriber_plsr.svg...
2026-02-08 21:38:38,197 [INFO] [693/3000] Processing influencer_qtm6.svg...
2026-02-08 21:38:45,086 [INFO] [694/3000] Processing Hand with thumb up.svg...
2026-02-08 21:38:50,939 [INFO] [695/3000] Processing web-design-showcase_6t2l.svg...
2026-02-08 21:38:58,232 [INFO] [696/3000] Processing corporate employees celebrating successful teamwork.svg...
2026-02-08 21:39:04,313 [INFO] [697/3000] Processing Positive rating and customer feedback2.svg...
2026-02-08 21:39:10,687 [INFO] [698/3000] Processing metrics_5v8d.svg...
2026-02-08 21:39:17,854 [INFO] [699/3000] Processing man_and_woman_sittin.svg...
2026-02-08 21:39:23,627 [INFO] [700/3000] Processing fashion-photoshoot_zjiu.svg...
2026-02-08 21:39:29,242 [INFO] [701/3000] Processing folder-files_5www.svg...
2026-02-08 21:39:37,640 [INFO] [702/3000] Processing growing_am8t.svg...
2026-02-08 21:39:44,359 [INFO] [703/3000] Processing a man playing frisbee.svg...
2026-02-08 21:39:50,439 [INFO] [704/3000] Processing relaunch-day_k3qo.svg...
2026-02-08 21:39:56,602 [INFO] [705/3000] Processing typewriter_d4km.svg...
2026-02-08 21:40:02,594 [INFO] [706/3000] Processing drone-surveillance_mc4g.svg...
2026-02-08 21:40:10,131 [INFO] [707/3000] Processing inspection_tyum.svg...
2026-02-08 21:40:19,541 [INFO] [708/3000] Processing credit-card-payment_3zqz.svg...
2026-02-08 21:40:27,203 [INFO] [709/3000] Processing in-love_yqu6.svg...
2026-02-08 21:40:35,525 [INFO] [710/3000] Processing reickychen_png_white_background_Illustration_of_A_woman_sits_at_68b11f73-85a0-45db-95f8-173a474e8094.svg...
2026-02-08 21:40:44,717 [INFO] [711/3000] Processing application_thu6.svg...
2026-02-08 21:40:53,760 [INFO] [712/3000] Processing be-the-hero_bce0.svg...
2026-02-08 21:41:03,908 [INFO] [713/3000] Processing Cute_giraffe.svg...
2026-02-08 21:41:13,061 [INFO] [714/3000] Processing administration Staff.svg...
2026-02-08 21:41:22,560 [INFO] [715/3000] Processing creative-thinking_ruwx.svg...
2026-02-08 21:41:30,869 [INFO] [716/3000] Processing search2.svg...
2026-02-08 21:41:39,624 [INFO] [717/3000] Processing credit-card-payments_y0vn.svg...
2026-02-08 21:41:47,907 [INFO] [718/3000] Processing departing_010k.svg...
2026-02-08 21:41:58,099 [INFO] [719/3000] Processing steps_s8km.svg...
2026-02-08 21:42:06,320 [INFO] [720/3000] Processing physics_8tvl.svg...
2026-02-08 21:42:16,182 [INFO] [721/3000] Processing cooking_j2pu.svg...
2026-02-08 21:42:25,097 [INFO] [722/3000] Processing digital-nomad_xr4z.svg...
2026-02-08 21:42:34,554 [INFO] [723/3000] Processing responsiveness_rk5g.svg...
2026-02-08 21:42:41,878 [INFO] [724/3000] Processing a_child_flying.svg...
2026-02-08 21:42:49,419 [INFO] [725/3000] Processing social-sharing_t073.svg...
2026-02-08 21:42:57,827 [INFO] [726/3000] Processing flagged_c6mx.svg...
2026-02-08 21:43:05,346 [INFO] [727/3000] Processing a_person_filing.svg...
2026-02-08 21:43:15,076 [INFO] [728/3000] Processing man jogging.svg...
2026-02-08 21:43:24,014 [INFO] [729/3000] Processing swipe-profiles_5koh.svg...
2026-02-08 21:43:35,407 [INFO] [730/3000] Processing co-working_becw.svg...
2026-02-08 21:43:43,539 [INFO] [731/3000] Processing a boy playing.svg...
2026-02-08 21:43:50,390 [INFO] [732/3000] Processing professor_d7zn.svg...
2026-02-08 21:43:57,011 [INFO] [733/3000] Processing a construction worker overseeing a building site.svg...
2026-02-08 21:44:06,202 [INFO] [734/3000] Processing man_working.svg...
2026-02-08 21:44:14,574 [INFO] [735/3000] Processing logistics_8vri.svg...
2026-02-08 21:44:23,679 [INFO] [736/3000] Processing messenger_kw7z.svg...
2026-02-08 21:44:30,722 [INFO] [737/3000] Processing file-search_cbur.svg...
2026-02-08 21:44:38,230 [INFO] [738/3000] Processing working on a computer.svg...
2026-02-08 21:44:46,992 [INFO] [739/3000] Processing archive.svg...
2026-02-08 21:44:54,720 [INFO] [740/3000] Processing TakeOnlineC lasses.svg...
2026-02-08 21:45:07,537 [INFO] [741/3000] Processing drinking coffee.svg...
2026-02-08 21:45:15,476 [INFO] [742/3000] Processing letter_ombg.svg...
2026-02-08 21:45:24,088 [INFO] [743/3000] Processing questions_g2px.svg...
2026-02-08 21:45:31,501 [INFO] [744/3000] Processing chatting_2b1g.svg...
2026-02-08 21:45:40,067 [INFO] [745/3000] Processing knowledge_0ty5.svg...
2026-02-08 21:45:48,516 [INFO] [746/3000] Processing data_analyst.svg...
2026-02-08 21:45:55,837 [INFO] [747/3000] Processing Kanban board on a tablet.svg...
2026-02-08 21:46:04,720 [INFO] [748/3000] Processing online-collaboration_xon8.svg...
2026-02-08 21:46:15,934 [INFO] [749/3000] Processing phone-call_cpf5.svg...
2026-02-08 21:46:24,113 [INFO] [750/3000] Processing proud-designer_1rcm.svg...
2026-02-08 21:46:29,028 [INFO] [751/3000] Processing engineering team.svg...
2026-02-08 21:46:35,903 [INFO] [752/3000] Processing starry-window_yiga.svg...
2026-02-08 21:46:43,070 [INFO] [753/3000] Processing travel-together_uhlf.svg...
2026-02-08 21:46:48,971 [INFO] [754/3000] Processing energizer_1ewu.svg...
2026-02-08 21:46:54,716 [INFO] [755/3000] Processing partying_3qad.svg...
2026-02-08 21:47:00,475 [INFO] [756/3000] Processing bike-ride_ba0o.svg...
2026-02-08 21:47:05,909 [INFO] [757/3000] Processing charts_lvf9.svg...
2026-02-08 21:47:11,793 [INFO] [758/3000] Processing a_man_customer_service.svg...
2026-02-08 21:47:18,992 [INFO] [759/3000] Processing online-payments_d5ef.svg...
2026-02-08 21:47:24,289 [INFO] [760/3000] Processing browsing_z5g5.svg...
2026-02-08 21:47:31,653 [INFO] [761/3000] Processing mind-map_i9bv.svg...
2026-02-08 21:47:38,547 [INFO] [762/3000] Processing selected-box_qnrz.svg...
2026-02-08 21:47:44,629 [INFO] [763/3000] Processing a_person_skatebo2.svg...
2026-02-08 21:47:50,438 [INFO] [764/3000] Processing football-with-dad_w7m1.svg...
2026-02-08 21:47:55,200 [INFO] [765/3000] Processing Woman turns around and waves hello.svg...
2026-02-08 21:48:00,956 [INFO] [766/3000] Processing abstract_gk2d.svg...
2026-02-08 21:48:07,561 [INFO] [767/3000] Processing through-the-window_vqvx.svg...
2026-02-08 21:48:13,120 [INFO] [768/3000] Processing devices_odm4.svg...
2026-02-08 21:48:18,553 [INFO] [769/3000] Processing server-push_1lbi.svg...
2026-02-08 21:48:25,579 [INFO] [770/3000] Processing recruiter-suggestions_afdd.svg...
2026-02-08 21:48:30,923 [INFO] [771/3000] Processing cloud computing.svg...
2026-02-08 21:48:39,532 [INFO] [772/3000] Processing smart-home_9s59.svg...
2026-02-08 21:48:46,717 [INFO] [773/3000] Processing time.svg...
2026-02-08 21:48:54,080 [INFO] [774/3000] Processing for-sale_7qjb.svg...
2026-02-08 21:49:00,095 [INFO] [775/3000] Processing feedback_ebmx.svg...
2026-02-08 21:49:05,863 [INFO] [776/3000] Processing personal-website_kz7a.svg...
2026-02-08 21:49:11,675 [INFO] [777/3000] Processing social-thinking_x42y.svg...
2026-02-08 21:49:18,470 [INFO] [778/3000] Processing urban-design_tz8n.svg...
2026-02-08 21:49:24,668 [INFO] [779/3000] Processing stranded-traveler_y2cf.svg...
2026-02-08 21:49:31,920 [INFO] [780/3000] Processing personal-trainer_bqkg.svg...
2026-02-08 21:49:37,230 [INFO] [781/3000] Processing a_person_rock.svg...
2026-02-08 21:49:47,049 [INFO] [782/3000] Processing wining.svg...
2026-02-08 21:49:52,982 [INFO] [783/3000] Processing laboratory_technician.svg...
2026-02-08 21:49:58,753 [INFO] [784/3000] Processing my-feed_fo8n.svg...
2026-02-08 21:50:05,420 [INFO] [785/3000] Processing avatars_xsfb.svg...
2026-02-08 21:50:13,445 [INFO] [786/3000] Processing stability-ball_fxne.svg...
2026-02-08 21:50:21,103 [INFO] [787/3000] Processing capture-the-moment_ekcd.svg...
2026-02-08 21:50:27,841 [INFO] [788/3000] Processing genius_jvjm.svg...
2026-02-08 21:50:33,920 [INFO] [789/3000] Processing meditation_vje0.svg...
2026-02-08 21:50:39,678 [INFO] [790/3000] Processing app-wireframe_iqpr.svg...
2026-02-08 21:50:46,081 [INFO] [791/3000] Processing Science_teacher.svg...
2026-02-08 21:50:52,335 [INFO] [792/3000] Processing medical_staff_pushing_a_patie.svg...
2026-02-08 21:50:57,989 [INFO] [793/3000] Processing everyday-life_5bqa.svg...
2026-02-08 21:51:04,327 [INFO] [794/3000] Processing ride-a-bicycle_oozn.svg...
2026-02-08 21:51:10,075 [INFO] [795/3000] Processing explaining_something.svg...
2026-02-08 21:51:17,102 [INFO] [796/3000] Processing ball.svg...
2026-02-08 21:51:22,932 [INFO] [797/3000] Processing election-day_puwv.svg...
2026-02-08 21:51:29,184 [INFO] [798/3000] Processing windy-day_xe10.svg...
2026-02-08 21:51:35,450 [INFO] [799/3000] Processing working with analyticst.svg...
2026-02-08 21:51:42,578 [INFO] [800/3000] Processing feeling-blue_8si6.svg...
2026-02-08 21:51:50,077 [INFO] [801/3000] Processing coder.svg...
2026-02-08 21:51:56,476 [INFO] [802/3000] Processing meet-the-team_pp46.svg...
2026-02-08 21:52:02,363 [INFO] [803/3000] Processing person_viewing_artwork_in_an_art_gallery.svg...
2026-02-08 21:52:10,566 [INFO] [804/3000] Processing customer-survey_ek29.svg...
2026-02-08 21:52:16,914 [INFO] [805/3000] Processing woman working_extra_1.svg...
2026-02-08 21:52:24,961 [INFO] [806/3000] Processing export-files_gc69.svg...
2026-02-08 21:52:30,504 [INFO] [807/3000] Processing ai-answers_uxgx.svg...
2026-02-08 21:52:36,154 [INFO] [808/3000] Processing real-time-collaboration_bchs.svg...
2026-02-08 21:52:42,236 [INFO] [809/3000] Processing no-data_ig65.svg...
2026-02-08 21:52:52,141 [INFO] [810/3000] Processing mindfulness_d853.svg...
2026-02-08 21:53:00,490 [INFO] [811/3000] Processing drag-and-drop_v4po.svg...
2026-02-08 21:53:08,796 [INFO] [812/3000] Processing File sharing between phone and laptop via cloud.svg...
2026-02-08 21:53:18,306 [INFO] [813/3000] Processing balloons_ewoz.svg...
2026-02-08 21:53:27,193 [INFO] [814/3000] Processing light-the-fire_u2zp.svg...
2026-02-08 21:53:34,334 [INFO] [815/3000] Processing ProjectDemo.svg...
2026-02-08 21:53:41,558 [INFO] [816/3000] Processing cat_lqdj.svg...
2026-02-08 21:53:49,772 [INFO] [817/3000] Processing personal-data_a1n8.svg...
2026-02-08 21:53:57,929 [INFO] [818/3000] Processing a_musician_play.svg...
2026-02-08 21:54:05,129 [INFO] [819/3000] Processing by_think.svg...
2026-02-08 21:54:14,194 [INFO] [820/3000] Processing a_couple_holding_hands.svg...
2026-02-08 21:54:23,040 [INFO] [821/3000] Processing R&D department.svg...
2026-02-08 21:54:30,722 [INFO] [822/3000] Processing audio-player_7uwh.svg...
2026-02-08 21:54:38,829 [INFO] [823/3000] Processing love-note_c4fs.svg...
2026-02-08 21:54:49,466 [INFO] [824/3000] Processing modern-woman_cd44.svg...
2026-02-08 21:55:03,364 [INFO] [825/3000] Processing verify-data_k0y1.svg...
2026-02-08 21:55:10,018 [INFO] [826/3000] Processing a_group_of_people_celebrating2.svg...
2026-02-08 21:55:17,125 [INFO] [827/3000] Processing gearst.svg...
2026-02-08 21:55:24,480 [INFO] [828/3000] Processing text-field_17if.svg...
2026-02-08 21:55:32,494 [INFO] [829/3000] Processing polaroid_qqdz.svg...
2026-02-08 21:55:40,151 [INFO] [830/3000] Processing sorting-thoughts_b0kt.svg...
2026-02-08 21:55:48,376 [INFO] [831/3000] Processing 404_23.svg...
2026-02-08 21:55:57,894 [INFO] [832/3000] Processing through-the-park_xcqx.svg...
2026-02-08 21:56:05,498 [INFO] [833/3000] Processing drone-delivery_ri74.svg...
2026-02-08 21:56:14,915 [INFO] [834/3000] Processing work-friends_g4mn.svg...
2026-02-08 21:56:23,617 [INFO] [835/3000] Processing employees_working.svg...
2026-02-08 21:56:35,767 [INFO] [836/3000] Processing playing_in_the_snow.svg...
2026-02-08 21:56:43,102 [INFO] [837/3000] Processing team_creating_a_digital_campaign.svg...
2026-02-08 21:56:51,304 [INFO] [838/3000] Processing gift-joy_kqz4.svg...
2026-02-08 21:57:00,449 [INFO] [839/3000] Processing a_man_organizing_files.svg...
2026-02-08 21:57:09,550 [INFO] [840/3000] Processing reading-list_x5oo.svg...
2026-02-08 21:57:19,044 [INFO] [841/3000] Processing qr-code-scan_bewe.svg...
2026-02-08 21:57:27,692 [INFO] [842/3000] Processing a_gardener.svg...
2026-02-08 21:57:36,662 [INFO] [843/3000] Processing football_extra_1.svg...
2026-02-08 21:57:43,685 [INFO] [844/3000] Processing relaxing-at-home_qta9.svg...
2026-02-08 21:57:51,198 [INFO] [845/3000] Processing five-year-plan_7hwj.svg...
2026-02-08 21:58:01,746 [INFO] [846/3000] Processing distractions_jmxk.svg...
2026-02-08 21:58:10,560 [INFO] [847/3000] Processing feeling-of-joy_devp.svg...
2026-02-08 21:58:18,243 [INFO] [848/3000] Processing building_sandcastles.svg...
2026-02-08 21:58:26,881 [INFO] [849/3000] Processing code-review_jdgp.svg...
2026-02-08 21:58:34,244 [INFO] [850/3000] Processing _Pie chart.svg...
2026-02-08 21:58:43,845 [INFO] [851/3000] Processing fast-changing-world_3ee6.svg...
2026-02-08 21:58:52,079 [INFO] [852/3000] Processing lightbulb-moment_16av.svg...
2026-02-08 21:59:01,279 [INFO] [853/3000] Processing Lady with a drink.svg...
2026-02-08 21:59:08,289 [INFO] [854/3000] Processing data-processing_ohfw.svg...
2026-02-08 21:59:13,965 [INFO] [855/3000] Processing certificate_cqps.svg...
2026-02-08 21:59:20,008 [INFO] [856/3000] Processing man writing.svg...
2026-02-08 21:59:26,042 [INFO] [857/3000] Processing _Woman helping a male colleague at work.svg...
2026-02-08 21:59:31,736 [INFO] [858/3000] Processing navigation_0q48.svg...
2026-02-08 21:59:39,530 [INFO] [859/3000] Processing instant-analysis_vm8x.svg...
2026-02-08 21:59:45,087 [INFO] [860/3000] Processing group-video_k4jx.svg...
2026-02-08 21:59:50,398 [INFO] [861/3000] Processing at-home_y0ji.svg...
2026-02-08 21:59:59,480 [INFO] [862/3000] Processing inbox_ctn4.svg...
2026-02-08 22:00:25,628 [INFO] [863/3000] Processing my-files_1xwx.svg...
2026-02-08 22:00:34,561 [INFO] [864/3000] Processing code-inspection_z688.svg...
2026-02-08 22:00:41,605 [INFO] [865/3000] Processing person_taking_a_break_in_a_modern_office_loung.svg...
2026-02-08 22:00:51,367 [INFO] [866/3000] Processing hikers_reaching_the_top_of_a_mountain.svg...
2026-02-08 22:00:58,612 [INFO] [867/3000] Processing connecting-teams_nnjy.svg...
2026-02-08 22:01:07,840 [INFO] [868/3000] Processing vintage_q09n.svg...
2026-02-08 22:01:17,121 [INFO] [869/3000] Processing presenting_a_repor_talk4.svg...
2026-02-08 22:01:22,890 [INFO] [870/3000] Processing checking_inventory.svg...
2026-02-08 22:01:28,847 [INFO] [871/3000] Processing a_person_drinking_extra_1.svg...
2026-02-08 22:01:35,392 [INFO] [872/3000] Processing github-profile_abde.svg...
2026-02-08 22:01:41,453 [INFO] [873/3000] Processing late-at-night_0fob.svg...
2026-02-08 22:01:48,136 [INFO] [874/3000] Processing business-decisions_3x2a.svg...
2026-02-08 22:01:53,894 [INFO] [875/3000] Processing sweet-home_ezw3.svg...
2026-02-08 22:02:00,040 [INFO] [876/3000] Processing design-notes_vwa7.svg...
2026-02-08 22:02:07,978 [INFO] [877/3000] Processing blogging_38kl.svg...
2026-02-08 22:02:13,757 [INFO] [878/3000] Processing Train.svg...
2026-02-08 22:02:20,557 [INFO] [879/3000] Processing choice_dzxz.svg...
2026-02-08 22:02:31,456 [INFO] [880/3000] Processing online-friends_3kzz.svg...
2026-02-08 22:02:37,487 [INFO] [881/3000] Processing space-exploration_dhu1.svg...
2026-02-08 22:02:42,881 [INFO] [882/3000] Processing a_young_woman_reading_book.svg...
2026-02-08 22:02:51,182 [INFO] [883/3000] Processing good-team_zww8.svg...
2026-02-08 22:03:00,252 [INFO] [884/3000] Processing tourist-map_bczs.svg...
2026-02-08 22:03:07,203 [INFO] [885/3000] Processing reickychen_png_white_background_Illustration_of_Man_thinks_abou_5e0f341e-2d49-462f-912e-2fe3d7fdb8d5.svg...
2026-02-08 22:03:13,617 [INFO] [886/3000] Processing book-reading_i0eb.svg...
2026-02-08 22:03:19,373 [INFO] [887/3000] Processing segmentation_gd0j.svg...
2026-02-08 22:03:29,565 [INFO] [888/3000] Processing website-builder_4go7.svg...
2026-02-08 22:03:36,960 [INFO] [889/3000] Processing segment_wfu6.svg...
2026-02-08 22:03:43,354 [INFO] [890/3000] Processing launch-event_aur1.svg...
2026-02-08 22:03:53,286 [INFO] [891/3000] Processing a_person_swimming.svg...
2026-02-08 22:03:58,925 [INFO] [892/3000] Processing a worker operating a large industrial machine.svg...
2026-02-08 22:04:07,682 [INFO] [893/3000] Processing ethereum_5s6b.svg...
2026-02-08 22:04:15,413 [INFO] [894/3000] Processing all-the-data_ijgn.svg...
2026-02-08 22:04:22,598 [INFO] [895/3000] Processing resume_jrgi.svg...
2026-02-08 22:04:32,453 [INFO] [896/3000] Processing smart-resize_b2nt.svg...
2026-02-08 22:04:37,144 [INFO] [897/3000] Processing a_programmer_working_remotely.svg...
2026-02-08 22:04:44,670 [INFO] [898/3000] Processing drinks and shopping bags.svg...
2026-02-08 22:04:50,881 [INFO] [899/3000] Processing podcast-listener_dpel.svg...
2026-02-08 22:04:57,286 [INFO] [900/3000] Processing organizing-projects_heze.svg...
2026-02-08 22:05:07,260 [INFO] [901/3000] Processing ether_dnch.svg...
2026-02-08 22:05:14,136 [INFO] [902/3000] Processing a_man_brainstorming_idea.svg...
2026-02-08 22:05:24,721 [INFO] [903/3000] Processing financial.svg...
2026-02-08 22:05:34,085 [INFO] [904/3000] Processing flying-drone_0oms.svg...
2026-02-08 22:05:41,550 [INFO] [905/3000] Processing Cute_kangaroo.svg...
2026-02-08 22:05:52,451 [INFO] [906/3000] Processing manage-chats_7wl6.svg...
2026-02-08 22:06:03,169 [INFO] [907/3000] Processing loading_3kqt.svg...
2026-02-08 22:06:11,526 [INFO] [908/3000] Processing Designer.svg...
2026-02-08 22:06:19,203 [INFO] [909/3000] Processing a girl riding a scooter.svg...
2026-02-08 22:06:28,871 [INFO] [910/3000] Processing a_girl_dancing.svg...
2026-02-08 22:06:36,975 [INFO] [911/3000] Processing powerful_e1sw.svg...
2026-02-08 22:06:49,076 [INFO] [912/3000] Processing ordinary-day_ak4e.svg...
2026-02-08 22:07:02,022 [INFO] [913/3000] Processing dashboard_p93p.svg...
2026-02-08 22:07:13,909 [INFO] [914/3000] Processing web design.svg...
2026-02-08 22:07:24,134 [INFO] [915/3000] Processing injured_0ynx.svg...
2026-02-08 22:07:32,493 [INFO] [916/3000] Processing a_nurse_charting_medical_record.svg...
2026-02-08 22:07:40,158 [INFO] [917/3000] Processing notify_rnwe.svg...
2026-02-08 22:07:47,402 [INFO] [918/3000] Processing collaborative-writing_ir40.svg...
2026-02-08 22:07:54,858 [INFO] [919/3000] Processing calling_ieh0.svg...
2026-02-08 22:08:06,079 [INFO] [920/3000] Processing medical-research_pze7.svg...
2026-02-08 22:08:14,261 [INFO] [921/3000] Processing remotely_p27a.svg...
2026-02-08 22:08:30,730 [INFO] [922/3000] Processing teacher.svg...
2026-02-08 22:08:40,962 [INFO] [923/3000] Processing online-messaging_gjnh.svg...
2026-02-08 22:08:51,311 [INFO] [924/3000] Processing a person reading a newspaper.svg...
2026-02-08 22:08:59,705 [INFO] [925/3000] Processing grand-slam_xvhp.svg...
2026-02-08 22:09:08,447 [INFO] [926/3000] Processing modern-art_09d6.svg...
2026-02-08 22:09:16,805 [INFO] [927/3000] Processing pleasant-surprise_7qtf.svg...
2026-02-08 22:09:25,447 [INFO] [928/3000] Processing selection_7hy6.svg...
2026-02-08 22:09:36,967 [INFO] [929/3000] Processing gears.svg...
2026-02-08 22:09:43,310 [INFO] [930/3000] Processing healthcare_sanitizing.svg...
2026-02-08 22:09:53,279 [INFO] [931/3000] Processing wandering-mind_ecva.svg...
2026-02-08 22:10:01,294 [INFO] [932/3000] Processing invite_ds8f.svg...
2026-02-08 22:10:09,687 [INFO] [933/3000] Processing outdoors_3ll5.svg...
2026-02-08 22:10:17,908 [INFO] [934/3000] Processing social-tree_p8cw.svg...
2026-02-08 22:10:25,602 [INFO] [935/3000] Processing messages_okui.svg...
2026-02-08 22:10:34,359 [INFO] [936/3000] Processing personal-training_jq54.svg...
2026-02-08 22:10:43,203 [INFO] [937/3000] Processing a man leaving comments.svg...
2026-02-08 22:10:53,185 [INFO] [938/3000] Processing co-workers_8xeu.svg...
2026-02-08 22:11:01,556 [INFO] [939/3000] Processing workout_wqgp.svg...
2026-02-08 22:11:11,657 [INFO] [940/3000] Processing terms_sx63.svg...
2026-02-08 22:11:22,004 [INFO] [941/3000] Processing writing_in_a_noteb.svg...
2026-02-08 22:11:32,163 [INFO] [942/3000] Processing A_man_is_giving_flowers_to_his_girlfriend.svg...
2026-02-08 22:11:39,105 [INFO] [943/3000] Processing voice-control_qghj.svg...
2026-02-08 22:11:50,741 [INFO] [944/3000] Processing logic_bj1j.svg...
2026-02-08 22:11:57,449 [INFO] [945/3000] Processing online-ad_t56y.svg...
2026-02-08 22:12:06,145 [INFO] [946/3000] Processing a_woman_customer_service.svg...
2026-02-08 22:12:21,399 [INFO] [947/3000] Processing product-tour_msgk.svg...
2026-02-08 22:12:29,560 [INFO] [948/3000] Processing making hearts with hands.svg...
2026-02-08 22:12:41,284 [INFO] [949/3000] Processing imagination_63cb.svg...
2026-02-08 22:12:50,563 [INFO] [950/3000] Processing professor-avatar_y9ai.svg...
2026-02-08 22:13:09,348 [INFO] [951/3000] Processing screening-resumes_dh9s.svg...
2026-02-08 22:13:15,856 [INFO] [952/3000] Processing travel-plans_l0fo.svg...
2026-02-08 22:13:21,601 [INFO] [953/3000] Processing data-at-work_3tbf.svg...
2026-02-08 22:13:30,302 [INFO] [954/3000] Processing in-real-life_8znn.svg...
2026-02-08 22:13:37,203 [INFO] [955/3000] Processing Light bulb retro.svg...
2026-02-08 22:13:48,001 [INFO] [956/3000] Processing services_dhxj.svg...
2026-02-08 22:13:57,422 [INFO] [957/3000] Processing check-boxes_x5fg.svg...
2026-02-08 22:14:19,526 [INFO] [958/3000] Processing mobile-devices_7ob7.svg...
2026-02-08 22:14:30,271 [INFO] [959/3000] Processing observations_cv73.svg...
2026-02-08 22:14:39,885 [INFO] [960/3000] Processing finance-guy-avatar_vhop.svg...
2026-02-08 22:14:54,805 [INFO] [961/3000] Processing festivities_q090.svg...
2026-02-08 22:15:04,270 [INFO] [962/3000] Processing design-stats_y06n.svg...
2026-02-08 22:15:15,537 [INFO] [963/3000] Processing dev-productivity_5wps.svg...
2026-02-08 22:15:21,935 [INFO] [964/3000] Processing sign-up_qamz.svg...
2026-02-08 22:15:28,130 [INFO] [965/3000] Processing donut-love_5r3x.svg...
2026-02-08 22:15:38,296 [INFO] [966/3000] Processing building-blocks_h5jb.svg...
2026-02-08 22:15:44,449 [INFO] [967/3000] Processing send-money_4qc7.svg...
2026-02-08 22:15:52,739 [INFO] [968/3000] Processing add-file_lf11.svg...
2026-02-08 22:16:01,174 [INFO] [969/3000] Processing eat_salad.svg...
2026-02-08 22:16:08,803 [INFO] [970/3000] Processing Payment by credit card.svg...
2026-02-08 22:16:18,777 [INFO] [971/3000] Processing playful-cat_3ta5.svg...
2026-02-08 22:16:28,337 [INFO] [972/3000] Processing server-down_lxs9.svg...
2026-02-08 22:16:36,529 [INFO] [973/3000] Processing morning-workout_73u9.svg...
2026-02-08 22:16:42,358 [INFO] [974/3000] Processing complete-design_pzh6.svg...
2026-02-08 22:16:50,233 [INFO] [975/3000] Processing instant-support_oav0.svg...
2026-02-08 22:16:57,933 [INFO] [976/3000] Processing mobile-app_qxev.svg...
2026-02-08 22:17:04,519 [INFO] [977/3000] Processing person_sitting_on_a_park_bench_in_profile_flat.svg...
2026-02-08 22:17:10,729 [INFO] [978/3000] Processing private-files_m2bw.svg...
2026-02-08 22:17:17,494 [INFO] [979/3000] Processing accept-task_vzpn.svg...
2026-02-08 22:17:23,377 [INFO] [980/3000] Processing a_group_of_people_celebrating.svg...
2026-02-08 22:17:34,465 [INFO] [981/3000] Processing new-entries_xw4m.svg...
2026-02-08 22:17:40,980 [INFO] [982/3000] Processing person_exercising_on_a_treadmill_in_a_gym.svg...
2026-02-08 22:17:47,857 [INFO] [983/3000] Processing a_golfer2.svg...
2026-02-08 22:17:53,795 [INFO] [984/3000] Processing content-creator_vuqg.svg...
2026-02-08 22:18:01,286 [INFO] [985/3000] Processing add-user_rbko.svg...
2026-02-08 22:18:12,505 [INFO] [986/3000] Processing meeting.svg...
2026-02-08 22:18:23,308 [INFO] [987/3000] Processing sharing-articles_agyr.svg...
2026-02-08 22:18:30,688 [INFO] [988/3000] Processing next-tasks_y3rm.svg...
2026-02-08 22:18:41,950 [INFO] [989/3000] Processing 404_22.svg...
2026-02-08 22:18:49,633 [INFO] [990/3000] Processing passing-by_foz7.svg...
2026-02-08 22:19:12,998 [INFO] [991/3000] Processing a_person_buildin.svg...
2026-02-08 22:19:21,321 [INFO] [992/3000] Processing subway_66jh.svg...
2026-02-08 22:19:32,828 [INFO] [993/3000] Processing to-do-list_o3jf.svg...
2026-02-08 22:19:42,376 [INFO] [994/3000] Processing 404_20.svg...
2026-02-08 22:19:51,281 [INFO] [995/3000] Processing maker-launch_fwzi.svg...
2026-02-08 22:20:03,858 [INFO] [996/3000] Processing eiffel-tower_ju2s.svg...
2026-02-08 22:20:12,176 [INFO] [997/3000] Processing startup-life_7hl8.svg...
2026-02-08 22:20:21,951 [INFO] [998/3000] Processing Man with a briefcase.svg...
2026-02-08 22:20:30,106 [INFO] [999/3000] Processing professional-card_ldgq.svg...
2026-02-08 22:20:39,026 [INFO] [1000/3000] Processing superhero_1qxm.svg...
2026-02-08 22:20:48,025 [INFO] [1001/3000] Processing asset-selection_jrie.svg...
2026-02-08 22:20:57,626 [INFO] [1002/3000] Processing woman_attending.svg...
2026-02-08 22:21:05,315 [INFO] [1003/3000] Processing apps_i78y.svg...
2026-02-08 22:21:13,950 [INFO] [1004/3000] Processing invest_t695.svg...
2026-02-08 22:21:21,313 [INFO] [1005/3000] Processing gardening_3tyw.svg...
2026-02-08 22:21:29,313 [INFO] [1006/3000] Processing bookshelves_vhu6.svg...
2026-02-08 22:21:37,203 [INFO] [1007/3000] Processing hot-air-balloon_6knx.svg...
2026-02-08 22:21:46,063 [INFO] [1008/3000] Processing waving.svg...
2026-02-08 22:21:56,053 [INFO] [1009/3000] Processing person_analyzing_data_on_a_computer_screen.svg...
2026-02-08 22:22:04,187 [INFO] [1010/3000] Processing person_writing_an_article_on_a_laptop_in_profile.svg...
2026-02-08 22:22:13,152 [INFO] [1011/3000] Processing person_working_on_a_large_format_printer.svg...
2026-02-08 22:22:24,033 [INFO] [1012/3000] Processing bringing coffee to her coworker.svg...
2026-02-08 22:22:32,100 [INFO] [1013/3000] Processing icons_c73l.svg...
2026-02-08 22:22:41,917 [INFO] [1014/3000] Processing wedding_qt3q.svg...
2026-02-08 22:22:50,914 [INFO] [1015/3000] Processing people_enjoying_a_concert_together_in_a_music.svg...
2026-02-08 22:22:59,667 [INFO] [1016/3000] Processing conference-call_ccsp.svg...
2026-02-08 22:23:07,177 [INFO] [1017/3000] Processing container-ship_t6yx.svg...
2026-02-08 22:23:16,149 [INFO] [1018/3000] Processing man sitting with a laptoptt.svg...
2026-02-08 22:23:28,355 [INFO] [1019/3000] Processing painting-the-room_xuf4.svg...
2026-02-08 22:23:37,896 [INFO] [1020/3000] Processing invite-only_373f.svg...
2026-02-08 22:23:45,667 [INFO] [1021/3000] Processing selected-options_2x1i.svg...
2026-02-08 22:23:54,422 [INFO] [1022/3000] Processing enter_nwx3.svg...
2026-02-08 22:24:03,869 [INFO] [1023/3000] Processing mobile-gaming_di2l.svg...
2026-02-08 22:24:12,194 [INFO] [1024/3000] Processing broadcast_gyxl.svg...
2026-02-08 22:24:17,561 [INFO] [1025/3000] Processing document-analysis_3c0y.svg...
2026-02-08 22:24:27,598 [INFO] [1026/3000] Processing setup-wizard_wzp9.svg...
2026-02-08 22:24:33,837 [INFO] [1027/3000] Processing upload-image_tpmp.svg...
2026-02-08 22:24:40,105 [INFO] [1028/3000] Processing interview_yz52.svg...
2026-02-08 22:24:48,870 [INFO] [1029/3000] Processing love-messages_9oca.svg...
2026-02-08 22:25:00,146 [INFO] [1030/3000] Processing relaxing-walk_hvua.svg...
2026-02-08 22:25:08,202 [INFO] [1031/3000] Processing master-plan_m8ym.svg...
2026-02-08 22:25:19,980 [INFO] [1032/3000] Processing friends-online_gvwz.svg...
2026-02-08 22:25:26,200 [INFO] [1033/3000] Processing app-installation_3czh.svg...
2026-02-08 22:25:35,761 [INFO] [1034/3000] Processing love-it_8pc0.svg...
2026-02-08 22:25:42,000 [INFO] [1035/3000] Processing select-player_sppe.svg...
2026-02-08 22:25:48,789 [INFO] [1036/3000] Processing stepping-up_i0i7.svg...
2026-02-08 22:25:54,773 [INFO] [1037/3000] Processing Young man sitting with phone.svg...
2026-02-08 22:26:02,329 [INFO] [1038/3000] Processing portfolio_btd8.svg...
2026-02-08 22:26:11,992 [INFO] [1039/3000] Processing retro-video-game_l9zp.svg...
2026-02-08 22:26:31,345 [INFO] [1040/3000] Processing Cute_monkey.svg...
2026-02-08 22:26:38,908 [INFO] [1041/3000] Processing movie-night_pkvp.svg...
2026-02-08 22:26:46,749 [INFO] [1042/3000] Processing fast_y061.svg...
2026-02-08 22:26:54,113 [INFO] [1043/3000] Processing learning-to-sketch_uaxi.svg...
2026-02-08 22:27:00,188 [INFO] [1044/3000] Processing refreshing_djbj.svg...
2026-02-08 22:27:07,552 [INFO] [1045/3000] Processing birthday-cake_w9f6.svg...
2026-02-08 22:27:15,230 [INFO] [1046/3000] Processing Man and woman on a romantic date.svg...
2026-02-08 22:27:20,993 [INFO] [1047/3000] Processing businesswoman-avatar_ktl2.svg...
2026-02-08 22:27:28,673 [INFO] [1048/3000] Processing web-devices_i15y.svg...
2026-02-08 22:27:34,755 [INFO] [1049/3000] Processing design-objectives_f9uv.svg...
2026-02-08 22:27:43,072 [INFO] [1050/3000] Processing address_4imv.svg...
2026-02-08 22:27:49,473 [INFO] [1051/3000] Processing character-drawing_gtvs.svg...
2026-02-08 22:27:59,200 [INFO] [1052/3000] Processing windows_kqsk.svg...
2026-02-08 22:28:07,076 [INFO] [1053/3000] Processing indie-hacker-avatar_b3wy.svg...
2026-02-08 22:28:14,732 [INFO] [1054/3000] Processing colleague at work.svg...
2026-02-08 22:28:22,110 [INFO] [1055/3000] Processing happy-news_d5bt.svg...
2026-02-08 22:28:27,233 [INFO] [1056/3000] Processing apartment-rent_oodr.svg...
2026-02-08 22:28:33,337 [INFO] [1057/3000] Processing in-the-office_e7pg.svg...
2026-02-08 22:28:39,990 [INFO] [1058/3000] Processing at-the-airport_z3b9.svg...
2026-02-08 22:28:47,131 [INFO] [1059/3000] Processing saving-notes_wp71.svg...
2026-02-08 22:28:56,722 [INFO] [1060/3000] Processing Guy in a jacket waving.svg...
2026-02-08 22:29:04,989 [INFO] [1061/3000] Processing exciting-news_96pg.svg...
2026-02-08 22:29:12,651 [INFO] [1062/3000] Processing a_team_launching_project.svg...
2026-02-08 22:29:19,389 [INFO] [1063/3000] Processing runner-start_585j.svg...
2026-02-08 22:29:28,748 [INFO] [1064/3000] Processing jogging_tf9a.svg...
2026-02-08 22:29:36,026 [INFO] [1065/3000] Processing online-chat_qx4x.svg...
2026-02-08 22:29:42,427 [INFO] [1066/3000] Processing a_person_walking.svg...
2026-02-08 22:29:48,171 [INFO] [1067/3000] Processing chef_yoa7.svg...
2026-02-08 22:29:55,178 [INFO] [1068/3000] Processing presenting_pjjk.svg...
2026-02-08 22:30:01,211 [INFO] [1069/3000] Processing meeting_dunc.svg...
2026-02-08 22:30:07,018 [INFO] [1070/3000] Processing gift-box_io08.svg...
2026-02-08 22:30:16,499 [INFO] [1071/3000] Processing mobile-pay_yho9.svg...
2026-02-08 22:30:23,060 [INFO] [1072/3000] Processing Dancing girl.svg...
2026-02-08 22:30:29,812 [INFO] [1073/3000] Processing reickychen_png_white_background_Illustration_of_Man_and_woman_d_b28fd026-627b-4cdf-a806-1029fd106f2b.svg...
2026-02-08 22:30:41,635 [INFO] [1074/3000] Processing together_s27q.svg...
2026-02-08 22:30:52,172 [INFO] [1075/3000] Processing person_answering_a_phone_call_at_their_offic.svg...
2026-02-08 22:31:00,514 [INFO] [1076/3000] Processing bento-grid_qfc0.svg...
2026-02-08 22:31:12,564 [INFO] [1077/3000] Processing insert_z218.svg...
2026-02-08 22:31:19,580 [INFO] [1078/3000] Processing inbox-cleanup_be27.svg...
2026-02-08 22:31:28,146 [INFO] [1079/3000] Processing high-five_w86k.svg...
2026-02-08 22:31:36,644 [INFO] [1080/3000] Processing coolness_xbgc.svg...
2026-02-08 22:31:46,594 [INFO] [1081/3000] Processing camping_1hz9.svg...
2026-02-08 22:31:55,587 [INFO] [1082/3000] Processing java-script-frameworks_i8a4.svg...
2026-02-08 22:32:04,569 [INFO] [1083/3000] Processing bear-market_dhi3.svg...
2026-02-08 22:32:17,751 [INFO] [1084/3000] Processing a_firefighter.svg...
2026-02-08 22:32:28,754 [INFO] [1085/3000] Processing prototype_designer2.svg...
2026-02-08 22:32:35,504 [INFO] [1086/3000] Processing a chef preparing a gourmet meal.svg...
2026-02-08 22:32:52,922 [INFO] [1087/3000] Processing online class.svg...
2026-02-08 22:33:05,327 [INFO] [1088/3000] Processing notebook_jy1h.svg...
2026-02-08 22:33:14,024 [INFO] [1089/3000] Processing online-learning_tgmv.svg...
2026-02-08 22:33:22,473 [INFO] [1090/3000] Processing construction-workers_z99i.svg...
2026-02-08 22:33:31,502 [INFO] [1091/3000] Processing Sketching.svg...
2026-02-08 22:33:40,835 [INFO] [1092/3000] Processing factory_4d61.svg...
2026-02-08 22:33:50,437 [INFO] [1093/3000] Processing Dance.svg...
2026-02-08 22:33:58,809 [INFO] [1094/3000] Processing pair-programming_9jyg.svg...
2026-02-08 22:34:08,792 [INFO] [1095/3000] Processing executive meeting.svg...
2026-02-08 22:34:17,699 [INFO] [1096/3000] Processing photos_09tf.svg...
2026-02-08 22:34:26,181 [INFO] [1097/3000] Processing select-house_l2l0.svg...
2026-02-08 22:34:34,586 [INFO] [1098/3000] Processing delivery-truck_mjui.svg...
2026-02-08 22:34:43,232 [INFO] [1099/3000] Processing group-chat_4xw0.svg...
2026-02-08 22:35:03,893 [INFO] [1100/3000] Processing happy.svg...
2026-02-08 22:35:13,946 [INFO] [1101/3000] Processing showing-support_ixfc.svg...
2026-02-08 22:35:25,655 [INFO] [1102/3000] Processing design-data_ybvy.svg...
2026-02-08 22:35:34,429 [INFO] [1103/3000] Processing medical-care_7m9g.svg...
2026-02-08 22:35:42,746 [INFO] [1104/3000] Processing click-here_3vzn.svg...
2026-02-08 22:35:51,687 [INFO] [1105/3000] Processing testimonials_4c7y.svg...
2026-02-08 22:35:59,206 [INFO] [1106/3000] Processing career-development_f0n6.svg...
2026-02-08 22:36:09,114 [INFO] [1107/3000] Processing personal-notes_n75r.svg...
2026-02-08 22:36:17,731 [INFO] [1108/3000] Processing a_person_swingin2.svg...
2026-02-08 22:36:27,859 [INFO] [1109/3000] Processing happy-customer_4h84.svg...
2026-02-08 22:36:35,554 [INFO] [1110/3000] Processing couple-photo_vr7f.svg...
2026-02-08 22:36:45,297 [INFO] [1111/3000] Processing Computer screen and clipboard with hr and recruitiment workflow.svg...
2026-02-08 22:36:52,438 [INFO] [1112/3000] Processing taken_mshk.svg...
2026-02-08 22:37:00,381 [INFO] [1113/3000] Processing true-love_rap5.svg...
2026-02-08 22:37:13,915 [INFO] [1114/3000] Processing new-year-2025_1tmm.svg...
2026-02-08 22:37:21,239 [INFO] [1115/3000] Processing money-received_eg1c.svg...
2026-02-08 22:37:28,802 [INFO] [1116/3000] Processing code-thinking_0vf2.svg...
2026-02-08 22:37:49,412 [INFO] [1117/3000] Processing chat online_extra_1.svg...
2026-02-08 22:37:56,007 [INFO] [1118/3000] Processing Catching up.svg...
2026-02-08 22:38:06,802 [INFO] [1119/3000] Processing basketball-kid_a3ss.svg...
2026-02-08 22:38:19,358 [INFO] [1120/3000] Processing playing_with_bubbles.svg...
2026-02-08 22:38:30,435 [INFO] [1121/3000] Processing texting_s1te.svg...
2026-02-08 22:38:37,461 [INFO] [1122/3000] Processing mobile-interface_z1b3.svg...
2026-02-08 22:38:43,432 [INFO] [1123/3000] Processing accomplishments_tb6k.svg...
2026-02-08 22:38:49,430 [INFO] [1124/3000] Processing digital-currency_u5p6.svg...
2026-02-08 22:38:58,880 [INFO] [1125/3000] Processing winners_fre4.svg...
2026-02-08 22:39:06,803 [INFO] [1126/3000] Processing programmer_raqr.svg...
2026-02-08 22:39:12,416 [INFO] [1127/3000] Processing a-day-off_uk4x.svg...
2026-02-08 22:39:18,874 [INFO] [1128/3000] Processing Boy listening to music.svg...
2026-02-08 22:39:25,198 [INFO] [1129/3000] Processing decorate-christmas-tree_brf2.svg...
2026-02-08 22:39:31,971 [INFO] [1130/3000] Processing a-woman-avatar_ifsl.svg...
2026-02-08 22:39:38,594 [INFO] [1131/3000] Processing junior-soccer_0lib.svg...
2026-02-08 22:39:48,181 [INFO] [1132/3000] Processing teacher_s628.svg...
2026-02-08 22:39:55,232 [INFO] [1133/3000] Processing gatsby-js_wd5s.svg...
2026-02-08 22:40:00,145 [INFO] [1134/3000] Processing onboarding_dcq2.svg...
2026-02-08 22:40:05,143 [INFO] [1135/3000] Processing pay-online_806n.svg...
2026-02-08 22:40:10,279 [INFO] [1136/3000] Processing welcome-cats_tw36.svg...
2026-02-08 22:40:17,745 [INFO] [1137/3000] Processing welcoming_42an.svg...
2026-02-08 22:40:23,112 [INFO] [1138/3000] Processing software testing.svg...
2026-02-08 22:40:38,398 [INFO] [1139/3000] Processing online-profile_v9c1.svg...
2026-02-08 22:40:47,799 [INFO] [1140/3000] Processing 404_21.svg...
2026-02-08 22:40:55,990 [INFO] [1141/3000] Processing a_girl_eating_watermelon.svg...
2026-02-08 22:41:01,807 [INFO] [1142/3000] Processing playing-fetch_eij7.svg...
2026-02-08 22:41:08,737 [INFO] [1143/3000] Processing a_person_organizing_files.svg...
2026-02-08 22:41:13,451 [INFO] [1144/3000] Processing confirmation_31jc.svg...
2026-02-08 22:41:20,350 [INFO] [1145/3000] Processing Women walking with takeaway drinks and shopping bags.svg...
2026-02-08 22:41:26,500 [INFO] [1146/3000] Processing a_man_working_on_a_desktop.svg...
2026-02-08 22:41:33,433 [INFO] [1147/3000] Processing 404_10.svg...
2026-02-08 22:41:39,878 [INFO] [1148/3000] Processing interior-design_j887.svg...
2026-02-08 22:41:46,595 [INFO] [1149/3000] Processing algolia_850u.svg...
2026-02-08 22:41:55,961 [INFO] [1150/3000] Processing text-files_tqjw.svg...
2026-02-08 22:42:01,376 [INFO] [1151/3000] Processing girl painting on a canvas.svg...
2026-02-08 22:42:07,408 [INFO] [1152/3000] Processing beer_ay8u.svg...
2026-02-08 22:42:15,509 [INFO] [1153/3000] Processing Women walking with takeaway drinks.svg...
2026-02-08 22:42:21,468 [INFO] [1154/3000] Processing download_sa8g.svg...
2026-02-08 22:42:27,670 [INFO] [1155/3000] Processing moonlight_ctir.svg...
2026-02-08 22:42:33,305 [INFO] [1156/3000] Processing social-serenity_x9vq.svg...
2026-02-08 22:42:43,020 [INFO] [1157/3000] Processing Boy listening to music2.svg...
2026-02-08 22:42:49,399 [INFO] [1158/3000] Processing checklist_bwxa.svg...
2026-02-08 22:42:59,514 [INFO] [1159/3000] Processing happy-2019_cx35.svg...
2026-02-08 22:43:07,150 [INFO] [1160/3000] Processing got-an-idea_1z3i.svg...
2026-02-08 22:43:16,344 [INFO] [1161/3000] Processing email-consent_j36b.svg...
2026-02-08 22:43:26,773 [INFO] [1162/3000] Processing a_boy_running.svg...
2026-02-08 22:43:34,254 [INFO] [1163/3000] Processing statistic-chart_6s7z.svg...
2026-02-08 22:43:42,431 [INFO] [1164/3000] Processing confirmed_c5lo.svg...
2026-02-08 22:43:50,245 [INFO] [1165/3000] Processing writing_notes.svg...
2026-02-08 22:43:59,067 [INFO] [1166/3000] Processing world_bdnk.svg...
2026-02-08 22:44:08,386 [INFO] [1167/3000] Processing touching-grass_6v3i.svg...
2026-02-08 22:44:16,529 [INFO] [1168/3000] Processing envelope_hem0.svg...
2026-02-08 22:44:23,396 [INFO] [1169/3000] Processing proud-self_j8xv.svg...
2026-02-08 22:44:31,071 [INFO] [1170/3000] Processing man with documentst.svg...
2026-02-08 22:44:39,230 [INFO] [1171/3000] Processing marketing strategies.svg...
2026-02-08 22:44:47,598 [INFO] [1172/3000] Processing dropdown-menu_qvci.svg...
2026-02-08 22:44:56,357 [INFO] [1173/3000] Processing Girl listening to music.svg...
2026-02-08 22:45:03,782 [INFO] [1174/3000] Processing heavy-box_ofui.svg...
2026-02-08 22:45:12,547 [INFO] [1175/3000] Processing Cute_dog.svg...
2026-02-08 22:45:21,844 [INFO] [1176/3000] Processing next-option_vr3u.svg...
2026-02-08 22:45:28,596 [INFO] [1177/3000] Processing a woman shopping.svg...
2026-02-08 22:45:36,825 [INFO] [1178/3000] Processing startup rocket to launch with ideas.svg...
2026-02-08 22:45:44,994 [INFO] [1179/3000] Processing woman sitting in lotus position.svg...
2026-02-08 22:45:53,315 [INFO] [1180/3000] Processing diet_zdwe.svg...
2026-02-08 22:46:03,703 [INFO] [1181/3000] Processing calling_d6vk.svg...
2026-02-08 22:46:13,153 [INFO] [1182/3000] Processing safe2.svg...
2026-02-08 22:46:21,486 [INFO] [1183/3000] Processing settings_alfp.svg...
2026-02-08 22:46:29,762 [INFO] [1184/3000] Processing celebrating_2aox.svg...
2026-02-08 22:46:39,078 [INFO] [1185/3000] Processing mornings_kmib.svg...
2026-02-08 22:46:47,195 [INFO] [1186/3000] Processing cancel_7zdh.svg...
2026-02-08 22:46:58,916 [INFO] [1187/3000] Processing order-coffee_pw24.svg...
2026-02-08 22:47:07,500 [INFO] [1188/3000] Processing Sportsman.svg...
2026-02-08 22:47:16,448 [INFO] [1189/3000] Processing social-ideas_3znc.svg...
2026-02-08 22:47:24,894 [INFO] [1190/3000] Processing shopping-bags_nfsf.svg...
2026-02-08 22:47:33,551 [INFO] [1191/3000] Processing File sharing between phone and laptop via cloud2.svg...
2026-02-08 22:47:42,127 [INFO] [1192/3000] Processing dancing_lvv0.svg...
2026-02-08 22:47:49,075 [INFO] [1193/3000] Processing approved-wireframe_odf4.svg...
2026-02-08 22:47:56,237 [INFO] [1194/3000] Processing rpharmacist_dispensing_medicin.svg...
2026-02-08 22:48:05,340 [INFO] [1195/3000] Processing audio-conversation_zg3f.svg...
2026-02-08 22:48:12,005 [INFO] [1196/3000] Processing writing_notes_extra_1.svg...
2026-02-08 22:48:19,578 [INFO] [1197/3000] Processing stock-prices_8nuz.svg...
2026-02-08 22:48:26,740 [INFO] [1198/3000] Processing dog_jfxm.svg...
2026-02-08 22:48:34,532 [INFO] [1199/3000] Processing ship-it_vn4g.svg...
2026-02-08 22:48:41,965 [INFO] [1200/3000] Processing a_person_working_on_a_laptop.svg...
2026-02-08 22:48:48,833 [INFO] [1201/3000] Processing a_person_typing.svg...
2026-02-08 22:49:02,113 [INFO] [1202/3000] Processing Man in a cap with a box.svg...
2026-02-08 22:49:09,455 [INFO] [1203/3000] Processing stripe-payments_jxnn.svg...
2026-02-08 22:49:16,216 [INFO] [1204/3000] Processing messaging-fun_ouh4.svg...
2026-02-08 22:49:22,609 [INFO] [1205/3000] Processing business-plan_wv9q.svg...
2026-02-08 22:49:31,633 [INFO] [1206/3000] Processing drawing_of_a_baker.svg...
2026-02-08 22:49:37,881 [INFO] [1207/3000] Processing presentation_4ik4.svg...
2026-02-08 22:49:47,049 [INFO] [1208/3000] Processing young woman talking.svg...
2026-02-08 22:49:52,792 [INFO] [1209/3000] Processing a_woman_running.svg...
2026-02-08 22:49:59,119 [INFO] [1210/3000] Processing night-calls_ge07.svg...
2026-02-08 22:50:07,261 [INFO] [1211/3000] Processing healthcare_worker_sanitizing.svg...
2026-02-08 22:50:16,988 [INFO] [1212/3000] Processing website_zbig.svg...
2026-02-08 22:50:24,657 [INFO] [1213/3000] Processing people_sitting_on_a_park_bench.svg...
2026-02-08 22:50:30,741 [INFO] [1214/3000] Processing fireworks_2xuq.svg...
2026-02-08 22:50:39,064 [INFO] [1215/3000] Processing cabin_7fei.svg...
2026-02-08 22:50:48,428 [INFO] [1216/3000] Processing done-checking_ra6c.svg...
2026-02-08 22:50:57,288 [INFO] [1217/3000] Processing reickychen_png_white_background_woman_listening_to_music_sittin_82c59547-8756-4567-8ca5-7909cbe45e7b.svg...
2026-02-08 22:51:03,050 [INFO] [1218/3000] Processing Microscope, books and chemistry flasks.svg...
2026-02-08 22:51:08,953 [INFO] [1219/3000] Processing Educational video for online education.svg...
2026-02-08 22:51:15,530 [INFO] [1220/3000] Processing Coding.svg...
2026-02-08 22:51:21,381 [INFO] [1221/3000] Processing mobile-prototyping_tb4o.svg...
2026-02-08 22:51:27,974 [INFO] [1222/3000] Processing personal-opinions_fzy5.svg...
2026-02-08 22:51:34,070 [INFO] [1223/3000] Processing home-cameras_hbw3.svg...
2026-02-08 22:51:40,708 [INFO] [1224/3000] Processing grid-design_l6hw.svg...
2026-02-08 22:51:46,589 [INFO] [1225/3000] Processing online-popularity_25c4.svg...
2026-02-08 22:51:52,034 [INFO] [1226/3000] Processing join_6quk.svg...
2026-02-08 22:52:02,225 [INFO] [1227/3000] Processing fun-moments_x0p9.svg...
2026-02-08 22:52:07,927 [INFO] [1228/3000] Processing walking-outside_7jfy.svg...
2026-02-08 22:52:13,534 [INFO] [1229/3000] Processing kite.svg...
2026-02-08 22:52:20,196 [INFO] [1230/3000] Processing environmental-study_c69w.svg...
2026-02-08 22:52:27,229 [INFO] [1231/3000] Processing walking_2vhy.svg...
2026-02-08 22:52:34,376 [INFO] [1232/3000] Processing a_person_lifting.svg...
2026-02-08 22:52:40,350 [INFO] [1233/3000] Processing online-gallery_dljd.svg...
2026-02-08 22:52:46,424 [INFO] [1234/3000] Processing birthday-girl_gyj9.svg...
2026-02-08 22:52:52,651 [INFO] [1235/3000] Processing ai-chat_ljb9.svg...
2026-02-08 22:52:59,867 [INFO] [1236/3000] Processing happy-2021_hugm.svg...
2026-02-08 22:53:04,988 [INFO] [1237/3000] Processing happy-feeling_itcr.svg...
2026-02-08 22:53:14,095 [INFO] [1238/3000] Processing dog-walking_w27q.svg...
2026-02-08 22:53:24,591 [INFO] [1239/3000] Processing press-play_oqq2.svg...
2026-02-08 22:53:31,228 [INFO] [1240/3000] Processing video-files_cxl9.svg...
2026-02-08 22:53:37,792 [INFO] [1241/3000] Processing quiet-town_6rlj.svg...
2026-02-08 22:53:51,434 [INFO] [1242/3000] Processing reickychen_png_white_background_Illustration_of_Man_looks_at_so_fc87183f-4e70-4c05-a30b-442786e7e8fd.svg...
2026-02-08 22:53:59,101 [INFO] [1243/3000] Processing to-do-app_esjl.svg...
2026-02-08 22:54:05,641 [INFO] [1244/3000] Processing ninja_kzfv.svg...
2026-02-08 22:54:13,150 [INFO] [1245/3000] Processing monster-artist_rcpn.svg...
2026-02-08 22:54:20,542 [INFO] [1246/3000] Processing clean-up_af4s.svg...
2026-02-08 22:54:27,599 [INFO] [1247/3000] Processing order-confirmed_m9e9.svg...
2026-02-08 22:54:34,624 [INFO] [1248/3000] Processing sports-scores_ezlu.svg...
2026-02-08 22:54:40,994 [INFO] [1249/3000] Processing prototype_designer.svg...
2026-02-08 22:54:46,434 [INFO] [1250/3000] Processing preparing_vegetables.svg...
2026-02-08 22:54:52,781 [INFO] [1251/3000] Processing quiet-street_v45k.svg...
2026-02-08 22:55:00,144 [INFO] [1252/3000] Processing lightbulb.svg...
2026-02-08 22:55:07,183 [INFO] [1253/3000] Processing talking-on-the-phone_lc9v.svg...
2026-02-08 22:55:13,950 [INFO] [1254/3000] Processing updates_wm27.svg...
2026-02-08 22:55:20,207 [INFO] [1255/3000] Processing plan-mode_rs7h.svg...
2026-02-08 22:55:29,310 [INFO] [1256/3000] Processing clearing-desk_emmv.svg...
2026-02-08 22:55:36,666 [INFO] [1257/3000] Processing Man came up with an idea.svg...
2026-02-08 22:55:44,993 [INFO] [1258/3000] Processing A_woman_holding_her_baby.svg...
2026-02-08 22:55:54,586 [INFO] [1259/3000] Processing fans_icv6.svg...
2026-02-08 22:56:02,731 [INFO] [1260/3000] Processing clouds_bmtk.svg...
2026-02-08 22:56:12,480 [INFO] [1261/3000] Processing city-girl_b84p.svg...
2026-02-08 22:56:20,970 [INFO] [1262/3000] Processing fixing-bugs_13mt.svg...
2026-02-08 22:56:28,869 [INFO] [1263/3000] Processing stylish-girl-avatar_m8po.svg...
2026-02-08 22:56:37,579 [INFO] [1264/3000] Processing synchronize_txyw.svg...
2026-02-08 22:56:45,122 [INFO] [1265/3000] Processing web-shopping_xd5k.svg...
2026-02-08 22:56:53,474 [INFO] [1266/3000] Processing scrum-board_7bgh.svg...
2026-02-08 22:57:01,251 [INFO] [1267/3000] Processing parkwearing.svg...
2026-02-08 22:57:09,843 [INFO] [1268/3000] Processing A_teacher_in_a_classroom.svg...
2026-02-08 22:57:20,609 [INFO] [1269/3000] Processing searching_no1g.svg...
2026-02-08 22:57:29,097 [INFO] [1270/3000] Processing answering_customer_calls.svg...
2026-02-08 22:57:38,277 [INFO] [1271/3000] Processing love_qypu.svg...
2026-02-08 22:57:48,645 [INFO] [1272/3000] Processing stat.svg...
2026-02-08 22:57:56,099 [INFO] [1273/3000] Processing shopping_a55o.svg...
2026-02-08 22:58:03,876 [INFO] [1274/3000] Processing picture_lnem.svg...
2026-02-08 22:58:11,684 [INFO] [1275/3000] Processing landing-page_zc5e.svg...
2026-02-08 22:58:18,649 [INFO] [1276/3000] Processing media-player_kxtm.svg...
2026-02-08 22:58:27,244 [INFO] [1277/3000] Processing a_person_using _calculator.svg...
2026-02-08 22:58:35,060 [INFO] [1278/3000] Processing anonymous-feedback_wbrj.svg...
2026-02-08 22:58:44,837 [INFO] [1279/3000] Processing sharing-knowledge_2jx3.svg...
2026-02-08 22:58:53,997 [INFO] [1280/3000] Processing reading_c1xl.svg...
2026-02-08 22:59:02,119 [INFO] [1281/3000] Processing programmer_writing_documentation.svg...
2026-02-08 22:59:18,752 [INFO] [1282/3000] Processing social-post_qn03.svg...
2026-02-08 22:59:30,948 [INFO] [1283/3000] Processing ready-for-waves_k5hv.svg...
2026-02-08 22:59:45,755 [INFO] [1284/3000] Processing global-team_8jok.svg...
2026-02-08 22:59:55,943 [INFO] [1285/3000] Processing options_mw73.svg...
2026-02-08 23:00:10,231 [INFO] [1286/3000] Processing pending-approval_6cdu.svg...
2026-02-08 23:00:21,233 [INFO] [1287/3000] Processing toy-car_ugyu.svg...
2026-02-08 23:00:35,879 [INFO] [1288/3000] Processing celebrate success.svg...
2026-02-08 23:00:47,710 [INFO] [1289/3000] Processing void_wez2.svg...
2026-02-08 23:01:02,752 [INFO] [1290/3000] Processing user-flow_d1ya.svg...
2026-02-08 23:01:12,695 [INFO] [1291/3000] Processing a_girl_riding_a_skateboard.svg...
2026-02-08 23:01:27,485 [INFO] [1292/3000] Processing date-picker_8qys.svg...
2026-02-08 23:01:40,201 [INFO] [1293/3000] Processing Tree pose yoga.svg...
2026-02-08 23:01:55,254 [INFO] [1294/3000] Processing a_programmer_writing.svg...
2026-02-08 23:02:06,128 [INFO] [1295/3000] Processing tree-swing_5010.svg...
2026-02-08 23:02:15,886 [INFO] [1296/3000] Processing adventure-map_3e4p.svg...
2026-02-08 23:02:27,371 [INFO] [1297/3000] Processing digital-artwork_xlmm.svg...
2026-02-08 23:02:38,415 [INFO] [1298/3000] Processing electricity_iu6d.svg...
2026-02-08 23:02:55,391 [INFO] [1299/3000] Processing 404_11.svg...
2026-02-08 23:03:06,096 [INFO] [1300/3000] Processing chat-with-ai_ir62.svg...
2026-02-08 23:03:13,047 [INFO] [1301/3000] Processing fresh-notification_hnv2.svg...
2026-02-08 23:03:24,508 [INFO] [1302/3000] Processing work-together_0f8c.svg...
2026-02-08 23:03:36,696 [INFO] [1303/3000] Processing going-up_g8av.svg...
2026-02-08 23:03:47,510 [INFO] [1304/3000] Processing voice-interface_vo02.svg...
2026-02-08 23:04:09,049 [INFO] [1305/3000] Processing grandma_9rwj.svg...
2026-02-08 23:04:25,275 [INFO] [1306/3000] Processing modern-professional_6pek.svg...
2026-02-08 23:04:37,129 [INFO] [1307/3000] Processing development_s4gv.svg...
2026-02-08 23:04:46,257 [INFO] [1308/3000] Processing 404_13.svg...
2026-02-08 23:04:57,639 [INFO] [1309/3000] Processing medical_laboratory_technician.svg...
2026-02-08 23:05:08,760 [INFO] [1310/3000] Processing design-team_51o5.svg...
2026-02-08 23:05:20,649 [INFO] [1311/3000] Processing chilling_o2zv.svg...
2026-02-08 23:05:26,429 [INFO] [1312/3000] Processing functions_7led.svg...
2026-02-08 23:05:44,041 [INFO] [1313/3000] Processing favorite_ons7.svg...
2026-02-08 23:05:52,552 [INFO] [1314/3000] Processing note-list_47ij.svg...
2026-02-08 23:06:04,845 [INFO] [1315/3000] Processing online-calendar_zaoc.svg...
2026-02-08 23:06:22,118 [INFO] [1316/3000] Processing fingerprint-login_19qv.svg...
2026-02-08 23:06:31,643 [INFO] [1317/3000] Processing conference-speaker_balr.svg...
2026-02-08 23:06:42,810 [INFO] [1318/3000] Processing secure-login_m11a.svg...
2026-02-08 23:06:56,856 [INFO] [1319/3000] Processing employees_collaborating.svg...
2026-02-08 23:07:09,471 [INFO] [1320/3000] Processing business-shop_b4su.svg...
2026-02-08 23:07:25,746 [INFO] [1321/3000] Processing team-page_q5am.svg...
2026-02-08 23:07:36,066 [INFO] [1322/3000] Processing building-a-website_1wrp.svg...
2026-02-08 23:07:48,503 [INFO] [1323/3000] Processing gdpr_g020.svg...
2026-02-08 23:08:00,084 [INFO] [1324/3000] Processing just-saying_wi2d.svg...
2026-02-08 23:08:15,081 [INFO] [1325/3000] Processing book-writer_ri5u.svg...
2026-02-08 23:08:26,345 [INFO] [1326/3000] Processing online-reading_jtnx.svg...
2026-02-08 23:08:38,976 [INFO] [1327/3000] Processing MeetingDiscussion.svg...
2026-02-08 23:08:48,360 [INFO] [1328/3000] Processing location-review_nzql.svg...
2026-02-08 23:09:05,946 [INFO] [1329/3000] Processing a_programmer_writing_documentation.svg...
2026-02-08 23:09:21,964 [INFO] [1330/3000] Processing watch-app_yzez.svg...
2026-02-08 23:09:30,988 [INFO] [1331/3000] Processing ai-agent_pdkp.svg...
2026-02-08 23:09:40,568 [INFO] [1332/3000] Processing buy-house_an72.svg...
2026-02-08 23:10:02,903 [INFO] [1333/3000] Processing too-many-options_lpt0.svg...
2026-02-08 23:10:18,013 [INFO] [1334/3000] Processing reickychen_png_white_background_Illustration_of_Woman_recording_5dcbc350-6e7c-47c4-9dc5-067d9de68c15.svg...
2026-02-08 23:10:32,428 [INFO] [1335/3000] Processing email_b5yu.svg...
2026-02-08 23:10:50,210 [INFO] [1336/3000] Processing status-update_7gqz.svg...
2026-02-08 23:11:01,798 [INFO] [1337/3000] Processing R&D department2.svg...
2026-02-08 23:11:14,959 [INFO] [1338/3000] Processing predictive-analytics_6gsu.svg...
2026-02-08 23:11:29,877 [INFO] [1339/3000] Processing performance-overview_1b4y.svg...
2026-02-08 23:11:42,799 [INFO] [1340/3000] Processing processing_bto8.svg...
2026-02-08 23:11:54,291 [INFO] [1341/3000] Processing person_working_on_a_tablet_at_a_standing_desk.svg...
2026-02-08 23:12:07,716 [INFO] [1342/3000] Processing street-food_xv0c.svg...
2026-02-08 23:12:25,843 [INFO] [1343/3000] Processing transfer-money_h9s3.svg...
2026-02-08 23:12:37,349 [INFO] [1344/3000] Processing deep-thinker-avatar_6xg6.svg...
2026-02-08 23:12:48,518 [INFO] [1345/3000] Processing credit-card_t6qm.svg...
2026-02-08 23:12:58,885 [INFO] [1346/3000] Processing package-arrived_twqd.svg...
2026-02-08 23:13:11,454 [INFO] [1347/3000] Processing building-websites_k2zp.svg...
2026-02-08 23:13:23,885 [INFO] [1348/3000] Processing teenager_attending2.svg...
2026-02-08 23:13:36,490 [INFO] [1349/3000] Processing upgrade_96mr.svg...
2026-02-08 23:13:48,865 [INFO] [1350/3000] Processing Cute_panda.svg...
2026-02-08 23:14:50,309 [ERROR] Request exception: HTTPSConnectionPool(host='api.siliconflow.cn', port=443): Read timed out. (read timeout=60)
2026-02-08 23:14:51,385 [INFO] [1351/3000] Processing a woman practicing ballet.svg...
2026-02-08 23:15:00,513 [INFO] [1352/3000] Processing organize-photos_t5k9.svg...
2026-02-08 23:15:09,485 [INFO] [1353/3000] Processing online-information_hhp2.svg...
2026-02-08 23:15:19,581 [INFO] [1354/3000] Processing drag_8oyk.svg...
2026-02-08 23:15:28,731 [INFO] [1355/3000] Processing warnings_agxg.svg...
2026-02-08 23:15:37,717 [INFO] [1356/3000] Processing doctors_djoj.svg...
2026-02-08 23:15:48,840 [INFO] [1357/3000] Processing christmas-mode_nebj.svg...
2026-02-08 23:15:58,915 [INFO] [1358/3000] Processing product-teardown_w5rb.svg...
2026-02-08 23:16:13,730 [INFO] [1359/3000] Processing report.svg...
2026-02-08 23:16:23,575 [INFO] [1360/3000] Processing online-survey_xq2g.svg...
2026-02-08 23:16:32,457 [INFO] [1361/3000] Processing connected-world_anke.svg...
2026-02-08 23:16:41,406 [INFO] [1362/3000] Processing dream-world_d04w.svg...
2026-02-08 23:16:54,421 [INFO] [1363/3000] Processing bus-stop_m7q9.svg...
2026-02-08 23:17:03,977 [INFO] [1364/3000] Processing agreement_ftet.svg...
2026-02-08 23:17:16,537 [INFO] [1365/3000] Processing pharmacist_dispensing_medicin.svg...
2026-02-08 23:17:26,707 [INFO] [1366/3000] Processing fishing_n8vg.svg...
2026-02-08 23:17:37,338 [INFO] [1367/3000] Processing subscribe_w8sz.svg...
2026-02-08 23:17:46,553 [INFO] [1368/3000] Processing an_astronaut.svg...
2026-02-08 23:17:57,753 [INFO] [1369/3000] Processing a woman playing tennis.svg...
2026-02-08 23:18:09,970 [INFO] [1370/3000] Processing personal-settings_8xv3.svg...
2026-02-08 23:18:18,683 [INFO] [1371/3000] Processing awesome_oikh.svg...
2026-02-08 23:18:27,286 [INFO] [1372/3000] Processing app-dark-mode_6ji2.svg...
2026-02-08 23:18:45,162 [INFO] [1373/3000] Processing Signing contract or agreement on clipboard.svg...
2026-02-08 23:18:57,452 [INFO] [1374/3000] Processing a-moment-to-relax_mrkn.svg...
2026-02-08 23:19:05,844 [INFO] [1375/3000] Processing working2.svg...
2026-02-08 23:19:15,808 [INFO] [1376/3000] Processing launching_szjw.svg...
2026-02-08 23:19:25,091 [INFO] [1377/3000] Processing person_meeting_with_client.svg...
2026-02-08 23:19:32,583 [INFO] [1378/3000] Processing yacht_rrg9.svg...
2026-02-08 23:19:46,589 [INFO] [1379/3000] Processing group-hangout_o22u.svg...
2026-02-08 23:19:55,652 [INFO] [1380/3000] Processing Cycling.svg...
2026-02-08 23:20:09,634 [INFO] [1381/3000] Processing business-man_0ifc.svg...
2026-02-08 23:20:18,973 [INFO] [1382/3000] Processing mobile-content_yz21.svg...
2026-02-08 23:20:31,000 [INFO] [1383/3000] Processing product-hunt_ip7p.svg...
2026-02-08 23:20:40,050 [INFO] [1384/3000] Processing artist_7bs7.svg...
2026-02-08 23:20:48,561 [INFO] [1385/3000] Processing printing-invoices_osgs.svg...
2026-02-08 23:20:55,922 [INFO] [1386/3000] Processing icon-design_2kjf.svg...
2026-02-08 23:21:08,659 [INFO] [1387/3000] Processing person_reviewing_a_document_at_a_long_conference.svg...
2026-02-08 23:21:19,971 [INFO] [1388/3000] Processing gaming_v7a6.svg...
2026-02-08 23:21:28,863 [INFO] [1389/3000] Processing date-night_x6ro.svg...
2026-02-08 23:21:39,181 [INFO] [1390/3000] Processing ai-voice-interface_7uqq.svg...
2026-02-08 23:21:49,735 [INFO] [1391/3000] Processing a_team_launching_project2.svg...
2026-02-08 23:21:59,978 [INFO] [1392/3000] Processing a woman doing pottery.svg...
2026-02-08 23:22:09,058 [INFO] [1393/3000] Processing scientist_5td0.svg...
2026-02-08 23:22:16,877 [INFO] [1394/3000] Processing cool-girl-avatar_fifz.svg...
2026-02-08 23:22:28,082 [INFO] [1395/3000] Processing travelers_kud9.svg...
2026-02-08 23:22:39,642 [INFO] [1396/3000] Processing Monitor with statistics.svg...
2026-02-08 23:22:50,647 [INFO] [1397/3000] Processing Woman gives five.svg...
2026-02-08 23:23:01,318 [INFO] [1398/3000] Processing buying something online.svg...
2026-02-08 23:24:01,578 [ERROR] Request exception: HTTPSConnectionPool(host='api.siliconflow.cn', port=443): Read timed out. (read timeout=60)
2026-02-08 23:24:02,639 [INFO] [1399/3000] Processing nurse_charting_medical_record.svg...
2026-02-08 23:24:13,340 [INFO] [1400/3000] Processing indoor-bike_9lxj.svg...
2026-02-08 23:24:22,340 [INFO] [1401/3000] Processing basketball_40ga.svg...
2026-02-08 23:24:31,579 [INFO] [1402/3000] Processing through-the-desert_0e7j.svg...
2026-02-08 23:24:40,818 [INFO] [1403/3000] Processing domain-names_f0ge.svg...
2026-02-08 23:24:50,067 [INFO] [1404/3000] Processing fingerprint_kdwq.svg...
2026-02-08 23:25:02,058 [INFO] [1405/3000] Processing treasure_a4j2.svg...
2026-02-08 23:25:13,036 [INFO] [1406/3000] Processing make-it-rain_vyg9.svg...
2026-02-08 23:25:25,669 [INFO] [1407/3000] Processing overly-proud_d6j1.svg...
2026-02-08 23:25:35,412 [INFO] [1408/3000] Processing remote-worker_0l91.svg...
2026-02-08 23:25:47,565 [INFO] [1409/3000] Processing person_pushing_a_shopping_cart_in_a_supermarket.svg...
2026-02-08 23:25:57,112 [INFO] [1410/3000] Processing a_programmer_review.svg...
2026-02-08 23:26:07,928 [INFO] [1411/3000] Processing conversation_15p8.svg...
2026-02-08 23:26:18,778 [INFO] [1412/3000] Processing design-community_rkf4.svg...
2026-02-08 23:26:29,165 [INFO] [1413/3000] Processing woman_walking_with_a_shopping.svg...
2026-02-08 23:26:38,417 [INFO] [1414/3000] Processing person_leading_a_team_meeting_at_a_conference.svg...
2026-02-08 23:26:48,241 [INFO] [1415/3000] Processing drink-coffee_q0ey.svg...
2026-02-08 23:26:56,848 [INFO] [1416/3000] Processing finish-line_auqi.svg...
2026-02-08 23:27:06,021 [INFO] [1417/3000] Processing visualization_zhab.svg...
2026-02-08 23:27:16,014 [INFO] [1418/3000] Processing investment-data_frxx.svg...
2026-02-08 23:27:25,575 [INFO] [1419/3000] Processing user-account_fvqa.svg...
2026-02-08 23:27:35,606 [INFO] [1420/3000] Processing set-preferences_pca7.svg...
2026-02-08 23:27:47,359 [INFO] [1421/3000] Processing donation.svg...
2026-02-08 23:27:57,658 [INFO] [1422/3000] Processing social-media_25ev.svg...
2026-02-08 23:28:07,584 [INFO] [1423/3000] Processing skateboard_w3bz.svg...
2026-02-08 23:28:17,723 [INFO] [1424/3000] Processing Yoga.svg...
2026-02-08 23:28:26,169 [INFO] [1425/3000] Processing starlink_pmv3.svg...
2026-02-08 23:29:17,968 [INFO] [1426/3000] Processing a_programmer_walking_in_the_park.svg...
2026-02-08 23:29:26,372 [INFO] [1427/3000] Processing family_celebrating_a_birthday.svg...
2026-02-08 23:29:35,161 [INFO] [1428/3000] Processing man having rest.svg...
2026-02-08 23:30:29,415 [INFO] [1429/3000] Processing right-direction_arvo.svg...
2026-02-08 23:30:39,006 [INFO] [1430/3000] Processing weather-app_4cp0.svg...
2026-02-08 23:30:48,291 [INFO] [1431/3000] Processing into-the-night_nd84.svg...
2026-02-08 23:30:59,169 [INFO] [1432/3000] Processing little_boy.svg...
2026-02-08 23:31:08,765 [INFO] [1433/3000] Processing gone-shopping_z260.svg...
2026-02-08 23:31:16,763 [INFO] [1434/3000] Processing search-engines_k649.svg...
2026-02-08 23:31:28,134 [INFO] [1435/3000] Processing Woman with analytics clipboard.svg...
2026-02-08 23:31:37,379 [INFO] [1436/3000] Processing group_of_peopl.svg...
2026-02-08 23:31:46,886 [INFO] [1437/3000] Processing image-upload_7b3b.svg...
2026-02-08 23:31:56,231 [INFO] [1438/3000] Processing create_8val.svg...
2026-02-08 23:32:07,837 [INFO] [1439/3000] Processing sync-files_64mj.svg...
2026-02-08 23:32:17,809 [INFO] [1440/3000] Processing writing-online_x665.svg...
2026-02-08 23:32:28,574 [INFO] [1441/3000] Processing Online shopping.svg...
2026-02-08 23:32:37,716 [INFO] [1442/3000] Processing celebrating successful teamwork.svg...
2026-02-08 23:32:47,425 [INFO] [1443/3000] Processing my-notifications_fy5v.svg...
2026-02-08 23:32:53,035 [INFO] [1444/3000] Processing checking-boxes_j0im.svg...
2026-02-08 23:33:03,966 [INFO] [1445/3000] Processing well-done_kqud.svg...
2026-02-08 23:33:18,359 [INFO] [1446/3000] Processing car-repair_wski.svg...
2026-02-08 23:33:30,070 [INFO] [1447/3000] Processing task-brief_esbq.svg...
2026-02-08 23:33:44,051 [INFO] [1448/3000] Processing key-insights_ex8y.svg...
2026-02-08 23:33:53,149 [INFO] [1449/3000] Processing pedestrian-crossing_exov.svg...
2026-02-08 23:34:02,702 [INFO] [1450/3000] Processing video-influencer_7ak0.svg...
2026-02-08 23:34:12,135 [INFO] [1451/3000] Processing 404_12.svg...
2026-02-08 23:34:23,648 [INFO] [1452/3000] Processing deliveries_qutl.svg...
2026-02-08 23:34:34,207 [INFO] [1453/3000] Processing japan_9ygx.svg...
2026-02-08 23:34:45,736 [INFO] [1454/3000] Processing plans_24vv.svg...
2026-02-08 23:34:56,423 [INFO] [1455/3000] Processing Online banking security and data protection.svg...
2026-02-08 23:35:07,509 [INFO] [1456/3000] Processing current-location_c8qn.svg...
2026-02-08 23:35:20,012 [INFO] [1457/3000] Processing complete-task_qgwk.svg...
2026-02-08 23:35:31,203 [INFO] [1458/3000] Processing personal-info_yzls.svg...
2026-02-08 23:35:42,689 [INFO] [1459/3000] Processing optimize-image_q59h.svg...
2026-02-08 23:35:55,704 [INFO] [1460/3000] Processing photograph_gwbm.svg...
2026-02-08 23:36:08,988 [INFO] [1461/3000] Processing ai-code-generation_imyw.svg...
2026-02-08 23:36:20,523 [INFO] [1462/3000] Processing working-at-home_pxaa.svg...
2026-02-08 23:36:33,989 [INFO] [1463/3000] Processing web-app_141a.svg...
2026-02-08 23:36:45,672 [INFO] [1464/3000] Processing road-sign_2g9d.svg...
2026-02-08 23:36:57,481 [INFO] [1465/3000] Processing blog-post_f68f.svg...
2026-02-08 23:37:10,451 [INFO] [1466/3000] Processing 404_16.svg...
2026-02-08 23:37:23,793 [INFO] [1467/3000] Processing begin-chat_4wy6.svg...
2026-02-08 23:37:36,011 [INFO] [1468/3000] Processing news_nz1p.svg...
2026-02-08 23:37:49,970 [INFO] [1469/3000] Processing ideas_vn7a.svg...
2026-02-08 23:38:05,096 [INFO] [1470/3000] Processing love.svg...
2026-02-08 23:38:16,061 [INFO] [1471/3000] Processing portfolio-update_6bro.svg...
2026-02-08 23:38:30,040 [INFO] [1472/3000] Processing chat online.svg...
2026-02-08 23:38:52,586 [INFO] [1473/3000] Processing reickychen_png_white_background_Illustration_of_Man_and_woman_g_42eda4a6-8bd8-4984-9137-d497aebd1b28.svg...
2026-02-08 23:39:04,022 [INFO] [1474/3000] Processing progressive-app_9517.svg...
2026-02-08 23:39:19,829 [INFO] [1475/3000] Processing a person working from home.svg...
2026-02-08 23:39:34,564 [INFO] [1476/3000] Processing wall-post_e47r.svg...
2026-02-08 23:39:48,635 [INFO] [1477/3000] Processing traveling_c18z.svg...
2026-02-08 23:40:06,542 [INFO] [1478/3000] Processing photo-album_9d6r.svg...
2026-02-08 23:40:21,094 [INFO] [1479/3000] Processing following_ztgd.svg...
2026-02-08 23:40:38,719 [INFO] [1480/3000] Processing reickychen_png_white_background_Illustration_of_Young_man_showi_ccda51a4-c5f7-46c7-8e0d-139a225164e1.svg...
2026-02-08 23:40:50,769 [INFO] [1481/3000] Processing dark-mode_lot3.svg...
2026-02-08 23:41:02,713 [INFO] [1482/3000] Processing database-tables_yft5.svg...
2026-02-08 23:41:20,947 [INFO] [1483/3000] Processing key-points_iiic.svg...
2026-02-08 23:41:28,699 [INFO] [1484/3000] Processing growth-chart_h2w8.svg...
2026-02-08 23:41:37,362 [INFO] [1485/3000] Processing my-universe_qqch.svg...
2026-02-08 23:41:45,016 [INFO] [1486/3000] Processing my-workspace_5961.svg...
2026-02-08 23:41:52,609 [INFO] [1487/3000] Processing skateboarding.svg...
2026-02-08 23:42:02,661 [INFO] [1488/3000] Processing transfer-files_anat.svg...
2026-02-08 23:42:13,190 [INFO] [1489/3000] Processing mobile-encryption_flk2.svg...
2026-02-08 23:42:24,299 [INFO] [1490/3000] Processing online-groceries_n03y.svg...
2026-02-08 23:42:33,566 [INFO] [1491/3000] Processing fitness-guy-avatar_50y6.svg...
2026-02-08 23:42:42,101 [INFO] [1492/3000] Processing megaphones.svg...
2026-02-08 23:42:53,600 [INFO] [1493/3000] Processing mobile-posts_kc42.svg...
2026-02-08 23:43:04,585 [INFO] [1494/3000] Processing a_chef_master.svg...
2026-02-08 23:43:14,205 [INFO] [1495/3000] Processing select-option_ibwz.svg...
2026-02-08 23:43:23,181 [INFO] [1496/3000] Processing wishlist_0k5w.svg...
2026-02-08 23:43:33,109 [INFO] [1497/3000] Processing cloud-hosting_tfeh.svg...
2026-02-08 23:43:48,921 [INFO] [1498/3000] Processing collab_h1mq.svg...
2026-02-08 23:43:57,402 [INFO] [1499/3000] Processing cool-break_cipj.svg...
2026-02-08 23:44:06,494 [INFO] [1500/3000] Processing security.svg...
2026-02-08 23:44:16,293 [INFO] [1501/3000] Processing preparing_vegetables2.svg...
2026-02-08 23:44:25,328 [INFO] [1502/3000] Processing proud-coder_bivp.svg...
2026-02-08 23:44:34,571 [INFO] [1503/3000] Processing a-better-world_y9ca.svg...
2026-02-08 23:44:46,969 [INFO] [1504/3000] Processing Cute_tiger.svg...
2026-02-08 23:44:55,909 [INFO] [1505/3000] Processing zoom-in_miok.svg...
2026-02-08 23:45:10,378 [INFO] [1506/3000] Processing futuristic-interface_sv51.svg...
2026-02-08 23:45:19,976 [INFO] [1507/3000] Processing like-dislike_ggjr.svg...
2026-02-08 23:45:30,531 [INFO] [1508/3000] Processing Person programming a website.svg...
2026-02-08 23:45:40,173 [INFO] [1509/3000] Processing Positive rating and customer feedback.svg...
2026-02-08 23:45:49,229 [INFO] [1510/3000] Processing new-ideas_nk4n.svg...
2026-02-08 23:46:01,558 [INFO] [1511/3000] Processing E-wallet with credit cards.svg...
2026-02-08 23:46:15,285 [INFO] [1512/3000] Processing share_1zw4.svg...
2026-02-08 23:46:26,721 [INFO] [1513/3000] Processing relaxed-reading_wfkr.svg...
2026-02-08 23:46:38,480 [INFO] [1514/3000] Processing a_programmer_in_meeting.svg...
2026-02-08 23:46:56,574 [INFO] [1515/3000] Processing progress-indicator_c14b.svg...
2026-02-08 23:47:09,092 [INFO] [1516/3000] Processing man spreading his arms.svg...
2026-02-08 23:47:18,306 [INFO] [1517/3000] Processing images_v4j9.svg...
2026-02-08 23:47:30,668 [INFO] [1518/3000] Processing firewall_cfej.svg...
2026-02-08 23:47:43,221 [INFO] [1519/3000] Processing media.svg...
2026-02-08 23:47:55,503 [INFO] [1520/3000] Processing preferences-popup_cru5.svg...
2026-02-08 23:48:06,519 [INFO] [1521/3000] Processing Woman standing with a computer.svg...
2026-02-08 23:48:16,962 [INFO] [1522/3000] Processing in-the-office_ma2b.svg...
2026-02-08 23:48:28,058 [INFO] [1523/3000] Processing drone-race_gddk.svg...
2026-02-08 23:48:40,287 [INFO] [1524/3000] Processing respond_o54z.svg...
2026-02-08 23:48:53,716 [INFO] [1525/3000] Processing online-discussion_dmws.svg...
2026-02-08 23:49:07,718 [INFO] [1526/3000] Processing sculpting_qmq5.svg...
2026-02-08 23:49:18,869 [INFO] [1527/3000] Processing breaking-barriers_4leg.svg...
2026-02-08 23:49:30,596 [INFO] [1528/3000] Processing hiking_9zta.svg...
2026-02-08 23:49:41,736 [INFO] [1529/3000] Processing holding-flowers_jc03.svg...
2026-02-08 23:49:52,609 [INFO] [1530/3000] Processing new-years-resolutions_jzwq.svg...
2026-02-08 23:50:01,576 [INFO] [1531/3000] Processing running-wild_jnn2.svg...
2026-02-08 23:50:14,432 [INFO] [1532/3000] Processing Cute_turtle.svg...
2026-02-08 23:50:22,694 [INFO] [1533/3000] Processing unexpected-friends_42mc.svg...
2026-02-08 23:50:30,622 [INFO] [1534/3000] Processing a_tech_talk.svg...
2026-02-08 23:50:38,054 [INFO] [1535/3000] Processing fashion-blogging_wfoz.svg...
2026-02-08 23:50:56,622 [INFO] [1536/3000] Processing wilderness_218l.svg...
2026-02-08 23:51:08,836 [INFO] [1537/3000] Processing barbecue_k11q.svg...
2026-02-08 23:51:20,665 [INFO] [1538/3000] Processing campfire_42p5.svg...
2026-02-08 23:51:31,857 [INFO] [1539/3000] Processing profile-pic_fatv.svg...
2026-02-08 23:51:44,990 [INFO] [1540/3000] Processing reickychen_png_white_background_Illustration_of_Recruitment_age_f4188213-321b-4e64-8495-3f5087d0b117.svg...
2026-02-08 23:51:55,554 [INFO] [1541/3000] Processing forming-ideas_3bup.svg...
2026-02-08 23:52:08,068 [INFO] [1542/3000] Processing Delivery man on a skateboard.svg...
2026-02-08 23:52:19,537 [INFO] [1543/3000] Processing throw-away_k2t5.svg...
2026-02-08 23:52:33,546 [INFO] [1544/3000] Processing workspace_s6wf.svg...
2026-02-08 23:52:44,816 [INFO] [1545/3000] Processing delivery-location_um5t.svg...
2026-02-08 23:52:55,414 [INFO] [1546/3000] Processing backing_up_code.svg...
2026-02-08 23:53:06,238 [INFO] [1547/3000] Processing Woman reading a book.svg...
2026-02-08 23:53:16,381 [INFO] [1548/3000] Processing Cute_squirrel.svg...
2026-02-08 23:53:27,559 [INFO] [1549/3000] Processing dev-environment_n5by.svg...
2026-02-08 23:53:37,147 [INFO] [1550/3000] Processing personal-information_h7kf.svg...
2026-02-08 23:53:50,110 [INFO] [1551/3000] Processing filter_v54h.svg...
2026-02-08 23:54:00,016 [INFO] [1552/3000] Processing hire_hadq.svg...
2026-02-08 23:54:10,726 [INFO] [1553/3000] Processing Thank You.svg...
2026-02-08 23:54:21,041 [INFO] [1554/3000] Processing educator_6dgp.svg...
2026-02-08 23:54:31,848 [INFO] [1555/3000] Processing Lunch.svg...
2026-02-08 23:54:40,235 [INFO] [1556/3000] Processing data-input_whqw.svg...
2026-02-08 23:54:50,347 [INFO] [1557/3000] Processing online-article_aihy.svg...
2026-02-08 23:55:01,404 [INFO] [1558/3000] Processing Girl lying on the couch.svg...
2026-02-08 23:55:11,159 [INFO] [1559/3000] Processing split-testing_lkzx.svg...
2026-02-08 23:55:22,060 [INFO] [1560/3000] Processing fish-bowl_mz4m.svg...
2026-02-08 23:55:33,777 [INFO] [1561/3000] Processing Business dashboard.svg...
2026-02-08 23:55:44,133 [INFO] [1562/3000] Processing new-message_nl8w.svg...
2026-02-08 23:55:58,017 [INFO] [1563/3000] Processing open-notes_xker.svg...
2026-02-08 23:56:08,217 [INFO] [1564/3000] Processing reickychen_png_white_background_Illustration_of_Female_speciali_f7664181-8977-4833-a181-3a4929cc336d.svg...
2026-02-08 23:56:18,765 [INFO] [1565/3000] Processing online-video_ecqg.svg...
2026-02-08 23:56:27,541 [INFO] [1566/3000] Processing search-app_cpm0.svg...
2026-02-08 23:56:38,523 [INFO] [1567/3000] Processing projections_fhch.svg...
2026-02-08 23:56:56,668 [INFO] [1568/3000] Processing report_k55w.svg...
2026-02-08 23:57:07,223 [INFO] [1569/3000] Processing enter-password_1kl4.svg...
2026-02-08 23:57:16,099 [INFO] [1570/3000] Processing Man holding a pencil.svg...
2026-02-08 23:57:24,424 [INFO] [1571/3000] Processing CustomerService.svg...
2026-02-08 23:57:32,234 [INFO] [1572/3000] Processing Woman delivers an order.svg...
2026-02-08 23:57:42,742 [INFO] [1573/3000] Processing business-deal_nx2n.svg...
2026-02-08 23:57:52,019 [INFO] [1574/3000] Processing a_man_making_a_phone_call.svg...
2026-02-08 23:57:59,614 [INFO] [1575/3000] Processing conference-speaker_kl0d.svg...
2026-02-08 23:58:10,641 [INFO] [1576/3000] Processing man working.svg...
2026-02-08 23:58:36,177 [INFO] [1577/3000] Processing before-dawn_8wuh.svg...
2026-02-08 23:58:48,041 [INFO] [1578/3000] Processing writing_equations.svg...
2026-02-08 23:58:57,176 [INFO] [1579/3000] Processing a_person_standing.svg...
2026-02-08 23:59:08,170 [INFO] [1580/3000] Processing open-letter_xc4r.svg...
2026-02-08 23:59:17,383 [INFO] [1581/3000] Processing a_man_putting_a_pot_in_an_oven.svg...
2026-02-08 23:59:27,593 [INFO] [1582/3000] Processing baby_uoep.svg...
2026-02-08 23:59:49,972 [INFO] [1583/3000] Processing booked_bb22.svg...
2026-02-09 00:00:05,921 [INFO] [1584/3000] Processing everyday-design_4f7q.svg...
2026-02-09 00:00:18,711 [INFO] [1585/3000] Processing bookmarks_i66k.svg...
2026-02-09 00:00:31,393 [INFO] [1586/3000] Processing a_business_woman.svg...
2026-02-09 00:00:43,558 [INFO] [1587/3000] Processing golden-gate-bridge_1c6x.svg...
2026-02-09 00:00:54,102 [INFO] [1588/3000] Processing filing_documents.svg...
2026-02-09 00:01:04,709 [INFO] [1589/3000] Processing a_person_rock2.svg...
2026-02-09 00:01:20,353 [INFO] [1590/3000] Processing connection_ts3f.svg...
2026-02-09 00:01:34,517 [INFO] [1591/3000] Processing website-setup_o2zf.svg...
2026-02-09 00:01:46,910 [INFO] [1592/3000] Processing mobile-inbox_aszm.svg...
2026-02-09 00:01:56,156 [INFO] [1593/3000] Processing social-life_xwod.svg...
2026-02-09 00:02:05,985 [INFO] [1594/3000] Processing programming_j1zw.svg...
2026-02-09 00:02:15,399 [INFO] [1595/3000] Processing load-more_yy5n.svg...
2026-02-09 00:02:25,321 [INFO] [1596/3000] Processing home-settings_lw7v.svg...
2026-02-09 00:02:39,882 [INFO] [1597/3000] Processing empty-street_3ogh.svg...
2026-02-09 00:02:53,175 [INFO] [1598/3000] Processing rest.svg...
2026-02-09 00:03:10,836 [INFO] [1599/3000] Processing Happy man jumping.svg...
2026-02-09 00:03:22,998 [INFO] [1600/3000] Processing Curly woman with outstretched hand.svg...
2026-02-09 00:03:32,829 [INFO] [1601/3000] Processing savings_d97f.svg...
2026-02-09 00:03:46,604 [INFO] [1602/3000] Processing drawing_with_chalk.svg...
2026-02-09 00:04:00,044 [INFO] [1603/3000] Processing multitasking_i2bv.svg...
2026-02-09 00:04:13,818 [INFO] [1604/3000] Processing hang-out_rxuc.svg...
2026-02-09 00:04:27,222 [INFO] [1605/3000] Processing portfolio-website_838t.svg...
2026-02-09 00:04:40,668 [INFO] [1606/3000] Processing winter-magic_r5xp.svg...
2026-02-09 00:04:52,185 [INFO] [1607/3000] Processing reickychen_png_white_background_Illustration_of_Young_man_with__ffc1a6ea-f2d6-405d-aace-68dce69c2fe0.svg...
2026-02-09 00:05:03,756 [INFO] [1608/3000] Processing family_6gj8.svg...
2026-02-09 00:05:17,966 [INFO] [1609/3000] Processing up-to-date_o0j3.svg...
2026-02-09 00:05:31,045 [INFO] [1610/3000] Processing true-friends_1h3v.svg...
2026-02-09 00:05:44,345 [INFO] [1611/3000] Processing Math tour.svg...
2026-02-09 00:05:57,159 [INFO] [1612/3000] Processing coming-soon_7lvi.svg...
2026-02-09 00:06:09,977 [INFO] [1613/3000] Processing alert_w756.svg...
2026-02-09 00:06:21,487 [INFO] [1614/3000] Processing online-shopping_po8w.svg...
2026-02-09 00:06:32,376 [INFO] [1615/3000] Processing launch with ideas.svg...
2026-02-09 00:06:44,712 [INFO] [1616/3000] Processing video-tutorial_ly8k.svg...
2026-02-09 00:06:56,371 [INFO] [1617/3000] Processing guitar.svg...
2026-02-09 00:07:09,264 [INFO] [1618/3000] Processing ice-cream_mhwt.svg...
2026-02-09 00:07:22,435 [INFO] [1619/3000] Processing visionary-technology_f6b3.svg...
2026-02-09 00:07:33,242 [INFO] [1620/3000] Processing Cute_dolphin.svg...
2026-02-09 00:07:43,409 [INFO] [1621/3000] Processing art-lover_orea.svg...
2026-02-09 00:07:53,340 [INFO] [1622/3000] Processing mobile-user_qc9c.svg...
2026-02-09 00:08:04,537 [INFO] [1623/3000] Processing love-is-in-the-air_n3mt.svg...
2026-02-09 00:08:15,227 [INFO] [1624/3000] Processing motherhood_9s9r.svg...
2026-02-09 00:08:25,191 [INFO] [1625/3000] Processing online-community_3o0l.svg...
2026-02-09 00:08:34,946 [INFO] [1626/3000] Processing personal-file_81l0.svg...
2026-02-09 00:08:44,622 [INFO] [1627/3000] Processing trends_gop0.svg...
2026-02-09 00:08:57,976 [INFO] [1628/3000] Processing login_weas.svg...
2026-02-09 00:09:06,702 [INFO] [1629/3000] Processing a_person_having_video_conference.svg...
2026-02-09 00:09:19,380 [INFO] [1630/3000] Processing designing-components_kb05.svg...
2026-02-09 00:09:30,625 [INFO] [1631/3000] Processing santa-claus_1z1i.svg...
2026-02-09 00:09:38,597 [INFO] [1632/3000] Processing ConferencePresentation.svg...
2026-02-09 00:09:49,805 [INFO] [1633/3000] Processing 404_17.svg...
2026-02-09 00:10:01,146 [INFO] [1634/3000] Processing voting_3ygx.svg...
2026-02-09 00:10:10,905 [INFO] [1635/3000] Processing messaging_1s2k.svg...
2026-02-09 00:10:19,361 [INFO] [1636/3000] Processing shared-workspace_6y9d.svg...
2026-02-09 00:10:29,350 [INFO] [1637/3000] Processing 404_15.svg...
2026-02-09 00:10:40,701 [INFO] [1638/3000] Processing you-re-here_1771.svg...
2026-02-09 00:10:52,297 [INFO] [1639/3000] Processing secure-server_lz9x.svg...
2026-02-09 00:11:00,535 [INFO] [1640/3000] Processing payments_nbqu.svg...
2026-02-09 00:11:14,160 [INFO] [1641/3000] Processing Kitchen.svg...
2026-02-09 00:11:25,742 [INFO] [1642/3000] Processing person_looking_out_of_a_large_office_window.svg...
2026-02-09 00:11:34,588 [INFO] [1643/3000] Processing app-benchmarks_ls0m.svg...
2026-02-09 00:11:43,199 [INFO] [1644/3000] Processing people_ka7y.svg...
2026-02-09 00:11:54,790 [INFO] [1645/3000] Processing studying.svg...
2026-02-09 00:12:06,730 [INFO] [1646/3000] Processing A_man_and_woman_with_shopping.svg...
2026-02-09 00:12:19,029 [INFO] [1647/3000] Processing walk-in-the-city_tk65.svg...
2026-02-09 00:12:29,122 [INFO] [1648/3000] Processing developer-activity_4zqd.svg...
2026-02-09 00:12:40,889 [INFO] [1649/3000] Processing super-woman_6nx2.svg...
2026-02-09 00:12:57,190 [INFO] [1650/3000] Processing cq.svg...
2026-02-09 00:13:10,801 [INFO] [1651/3000] Processing calendar_8r6s.svg...
2026-02-09 00:13:24,543 [INFO] [1652/3000] Processing a_young_woman_reading.svg...
2026-02-09 00:13:34,268 [INFO] [1653/3000] Processing electric-car_vlgq.svg...
2026-02-09 00:13:45,316 [INFO] [1654/3000] Processing radio-options_403c.svg...
2026-02-09 00:13:58,472 [INFO] [1655/3000] Processing having_a_video_con.svg...
2026-02-09 00:14:11,275 [INFO] [1656/3000] Processing personal-site_z6pl.svg...
2026-02-09 00:14:22,784 [INFO] [1657/3000] Processing analysis_1k4x.svg...
2026-02-09 00:14:34,288 [INFO] [1658/3000] Processing post_eok2.svg...
2026-02-09 00:14:47,140 [INFO] [1659/3000] Processing gifts_4gy3.svg...
2026-02-09 00:15:00,650 [INFO] [1660/3000] Processing coming-home_jmbc.svg...
2026-02-09 00:15:17,886 [INFO] [1661/3000] Processing online-banking_l9sn.svg...
2026-02-09 00:15:29,953 [INFO] [1662/3000] Processing successful_rtc4.svg...
2026-02-09 00:15:45,633 [INFO] [1663/3000] Processing WorkingOvertime.svg...
2026-02-09 00:16:00,205 [INFO] [1664/3000] Processing playlist_lwhi.svg...
2026-02-09 00:16:12,352 [INFO] [1665/3000] Processing online-meetings_zutp.svg...
2026-02-09 00:16:26,758 [INFO] [1666/3000] Processing Man rowing a boat.svg...
2026-02-09 00:16:39,760 [INFO] [1667/3000] Processing exploring_fzmr.svg...
2026-02-09 00:16:54,789 [INFO] [1668/3000] Processing wallet_diag.svg...
2026-02-09 00:17:07,105 [INFO] [1669/3000] Processing follow-me-drone_g613.svg...
2026-02-09 00:17:27,032 [INFO] [1670/3000] Processing sign-in_uva0.svg...
2026-02-09 00:17:39,267 [INFO] [1671/3000] Processing flutter-dev_c8s7.svg...
2026-02-09 00:17:52,473 [INFO] [1672/3000] Processing my-location_dcug.svg...
2026-02-09 00:18:06,788 [INFO] [1673/3000] Processing a_team_working_on_a_whiteboard.svg...
2026-02-09 00:18:19,578 [INFO] [1674/3000] Processing gift-card_sfy8.svg...
2026-02-09 00:18:34,107 [INFO] [1675/3000] Processing reading-book_qe4h.svg...
2026-02-09 00:18:45,202 [INFO] [1676/3000] Processing add-to-cart_c8f2.svg...
2026-02-09 00:19:05,222 [INFO] [1677/3000] Processing responsive_csbt.svg...
2026-02-09 00:19:19,048 [INFO] [1678/3000] Processing network_engineer.svg...
2026-02-09 00:19:30,624 [INFO] [1679/3000] Processing pilates_i5uo.svg...
2026-02-09 00:19:41,439 [INFO] [1680/3000] Processing filing-system_e3yo.svg...
2026-02-09 00:20:05,816 [INFO] [1681/3000] Processing astronaut_j6je.svg...
2026-02-09 00:20:15,966 [INFO] [1682/3000] Processing two_people_play_basketball.svg...
2026-02-09 00:20:26,456 [INFO] [1683/3000] Processing dialog-box_4p2h.svg...
2026-02-09 00:20:36,659 [INFO] [1684/3000] Processing destination_fkst.svg...
2026-02-09 00:20:48,157 [INFO] [1685/3000] Processing luggage_k1gn.svg...
2026-02-09 00:20:57,983 [INFO] [1686/3000] Processing a_programmer_exercising_at_the_gym.svg...
2026-02-09 00:21:06,139 [INFO] [1687/3000] Processing alarm-ringing_4deu.svg...
2026-02-09 00:21:20,684 [INFO] [1688/3000] Processing nature-on-screen_5cbd.svg...
2026-02-09 00:21:31,453 [INFO] [1689/3000] Processing circuit-board_g7dc.svg...
2026-02-09 00:21:43,616 [INFO] [1690/3000] Processing xmas-snowman_vexw.svg...
2026-02-09 00:21:54,199 [INFO] [1691/3000] Processing halloween_q1b1.svg...
2026-02-09 00:22:09,358 [INFO] [1692/3000] Processing Tiny people creating big robot.svg...
2026-02-09 00:22:20,418 [INFO] [1693/3000] Processing skateboard.svg...
2026-02-09 00:22:32,380 [INFO] [1694/3000] Processing athletes-training_koqa.svg...
2026-02-09 00:22:42,633 [INFO] [1695/3000] Processing winter-designer_a6kq.svg...
2026-02-09 00:22:54,147 [INFO] [1696/3000] Processing a marketing specialist analyzing data.svg...
2026-02-09 00:23:03,652 [INFO] [1697/3000] Processing a_marathon.svg...
2026-02-09 00:23:14,769 [INFO] [1698/3000] Processing watering-plants_64af.svg...
2026-02-09 00:23:24,944 [INFO] [1699/3000] Processing design-feedback_kzg9.svg...
2026-02-09 00:23:36,127 [INFO] [1700/3000] Processing barber_utly.svg...
2026-02-09 00:23:47,911 [INFO] [1701/3000] Processing start-building_7gui.svg...
2026-02-09 00:23:57,268 [INFO] [1702/3000] Processing cohort-analysis_nqxy.svg...
2026-02-09 00:24:09,663 [INFO] [1703/3000] Processing warning_tl76.svg...
2026-02-09 00:24:17,649 [INFO] [1704/3000] Processing online-message_k64b.svg...
2026-02-09 00:24:28,345 [INFO] [1705/3000] Processing legal-counsel_kdnh.svg...
2026-02-09 00:24:40,069 [INFO] [1706/3000] Processing reading.svg...
2026-02-09 00:24:59,927 [INFO] [1707/3000] Processing a supervisor inspecting finished products.svg...
2026-02-09 00:25:09,513 [INFO] [1708/3000] Processing fall-is-coming_tjgw.svg...
2026-02-09 00:25:23,224 [INFO] [1709/3000] Processing TakeABreak.svg...
2026-02-09 00:25:39,433 [INFO] [1710/3000] Processing person_sitting_at_an_airport_gate_in_profile.svg...
2026-02-09 00:25:50,828 [INFO] [1711/3000] Processing a_programmer_wri.svg...
2026-02-09 00:26:02,321 [INFO] [1712/3000] Processing taking-selfie_2b1d.svg...
2026-02-09 00:26:14,155 [INFO] [1713/3000] Processing golf_wmi1.svg...
2026-02-09 00:26:59,608 [INFO] [1714/3000] Processing Photos posted on social media.svg...
2026-02-09 00:27:12,991 [INFO] [1715/3000] Processing in-sync_3wdt.svg...
2026-02-09 00:27:25,894 [INFO] [1716/3000] Processing tailwind-css_ttun.svg...
2026-02-09 00:27:46,008 [INFO] [1717/3000] Processing stand-out_9j2q.svg...
2026-02-09 00:28:00,402 [INFO] [1718/3000] Processing hacker-mind_j91b.svg...
2026-02-09 00:28:13,047 [INFO] [1719/3000] Processing man points to something.svg...
2026-02-09 00:28:25,636 [INFO] [1720/3000] Processing edit-photo_tuxn.svg...
2026-02-09 00:28:48,118 [INFO] [1721/3000] Processing server-error_syuz.svg...
2026-02-09 00:29:00,296 [INFO] [1722/3000] Processing designer-mindset_bxms.svg...
2026-02-09 00:29:16,907 [INFO] [1723/3000] Processing preferences_2bda.svg...
2026-02-09 00:29:31,034 [INFO] [1724/3000] Processing our-solution_qv3b.svg...
2026-02-09 00:29:42,091 [INFO] [1725/3000] Processing software developer writing code.svg...
2026-02-09 00:29:56,100 [INFO] [1726/3000] Processing by_cookie.svg...
2026-02-09 00:30:06,588 [INFO] [1727/3000] Processing group-selfie_uih0.svg...
2026-02-09 00:30:21,417 [INFO] [1728/3000] Processing a_girl_skateboard.svg...
2026-02-09 00:30:33,929 [INFO] [1729/3000] Processing a baker mixing ingredients.svg...
2026-02-09 00:30:46,484 [INFO] [1730/3000] Processing online-test_cqv0.svg...
2026-02-09 00:30:59,969 [INFO] [1731/3000] Processing video-upload_n7oz.svg...
2026-02-09 00:31:14,084 [INFO] [1732/3000] Processing pin-to-board_eoie.svg...
2026-02-09 00:31:26,817 [INFO] [1733/3000] Processing wyj.svg...
2026-02-09 00:31:37,691 [INFO] [1734/3000] Processing like-post_s3wo.svg...
2026-02-09 00:31:46,689 [INFO] [1735/3000] Processing voice-messages_anpq.svg...
2026-02-09 00:31:57,513 [INFO] [1736/3000] Processing smiley-face_ue83.svg...
2026-02-09 00:32:08,146 [INFO] [1737/3000] Processing fitness.svg...
2026-02-09 00:32:16,479 [INFO] [1738/3000] Processing chat-interface_vofq.svg...
2026-02-09 00:32:26,329 [INFO] [1739/3000] Processing creative-process_5pan.svg...
2026-02-09 00:32:37,837 [INFO] [1740/3000] Processing travel-booking_a6s2.svg...
2026-02-09 00:32:48,077 [INFO] [1741/3000] Processing data-reports_l2u3.svg...
2026-02-09 00:32:58,981 [INFO] [1742/3000] Processing website_27ju.svg...
2026-02-09 00:33:07,936 [INFO] [1743/3000] Processing Cute_zebra.svg...
2026-02-09 00:33:19,727 [INFO] [1744/3000] Processing brainstorming_idea.svg...
2026-02-09 00:33:28,832 [INFO] [1745/3000] Processing documents_9rcz.svg...
2026-02-09 00:33:37,734 [INFO] [1746/3000] Processing fitness-stats_bd09.svg...
2026-02-09 00:33:48,418 [INFO] [1747/3000] Processing verified_m721.svg...
2026-02-09 00:34:04,573 [INFO] [1748/3000] Processing a mechanic.svg...
2026-02-09 00:34:14,849 [INFO] [1749/3000] Processing man with magnifying glasst.svg...
2026-02-09 00:34:25,406 [INFO] [1750/3000] Processing page-eaten_b2rt.svg...
2026-02-09 00:34:35,285 [INFO] [1751/3000] Processing speed-test_wdyh.svg...
2026-02-09 00:34:45,030 [INFO] [1752/3000] Processing breakfast_rgx5.svg...
2026-02-09 00:34:57,803 [INFO] [1753/3000] Processing new-year-2026_7kxo.svg...
2026-02-09 00:35:11,132 [INFO] [1754/3000] Processing Walking girl in a cap.svg...
2026-02-09 00:35:24,590 [INFO] [1755/3000] Processing update_jvp1.svg...
2026-02-09 00:35:34,815 [INFO] [1756/3000] Processing social-update_jbhv.svg...
2026-02-09 00:35:45,058 [INFO] [1757/3000] Processing judge_hyqv.svg...
2026-02-09 00:35:54,441 [INFO] [1758/3000] Processing young_woman_jogging.svg...
2026-02-09 00:36:04,498 [INFO] [1759/3000] Processing mobile-application_uc2q.svg...
2026-02-09 00:36:17,214 [INFO] [1760/3000] Processing a_programmer_discuss.svg...
2026-02-09 00:36:25,913 [INFO] [1761/3000] Processing duplicate_4ikn.svg...
2026-02-09 00:36:35,914 [INFO] [1762/3000] Processing jumping_rope.svg...
2026-02-09 00:36:45,048 [INFO] [1763/3000] Processing design-thinking_8qg2.svg...
2026-02-09 00:36:58,764 [INFO] [1764/3000] Processing home-screen_3tkn.svg...
2026-02-09 00:37:09,213 [INFO] [1765/3000] Processing Cute_rabbit.svg...
2026-02-09 00:37:20,862 [INFO] [1766/3000] Processing publish-post_7g2z.svg...
2026-02-09 00:37:34,981 [INFO] [1767/3000] Processing romantic-getaway_qqwb.svg...
2026-02-09 00:37:46,113 [INFO] [1768/3000] Processing a programmer managing .svg...
2026-02-09 00:37:58,030 [INFO] [1769/3000] Processing home-cinema_jdm1.svg...
2026-02-09 00:38:20,239 [INFO] [1770/3000] Processing reading_a_report.svg...
2026-02-09 00:38:38,795 [INFO] [1771/3000] Processing winner cup2.svg...
2026-02-09 00:38:51,961 [INFO] [1772/3000] Processing mobile-analytics_bz2a.svg...
2026-02-09 00:39:06,872 [INFO] [1773/3000] Processing build-your-home_5opd.svg...
2026-02-09 00:39:19,971 [INFO] [1774/3000] Processing a quality control inspector.svg...
2026-02-09 00:39:32,087 [INFO] [1775/3000] Processing post_mpa0.svg...
2026-02-09 00:39:46,038 [INFO] [1776/3000] Processing organizing-data_uns9.svg...
2026-02-09 00:39:58,421 [INFO] [1777/3000] Processing to-do-list_eoia.svg...
2026-02-09 00:40:14,808 [INFO] [1778/3000] Processing playing-golf_016o.svg...
2026-02-09 00:40:28,962 [INFO] [1779/3000] Processing person_conducting_a_training_session_in_a_classroom.svg...
2026-02-09 00:40:39,890 [INFO] [1780/3000] Processing Uploading data to cloud on phone2.svg...
2026-02-09 00:40:55,247 [INFO] [1781/3000] Processing reickychen_png_white_background_Illustration_of_Employees_worki_e424a6c9-f4e6-4d08-8a32-4e4180c1db42.svg...
2026-02-09 00:41:11,570 [INFO] [1782/3000] Processing confidential-letter_k1ni.svg...
2026-02-09 00:41:25,988 [INFO] [1783/3000] Processing subscriptions_72tq.svg...
2026-02-09 00:41:40,002 [INFO] [1784/3000] Processing word-of-mouth_9ddm.svg...
2026-02-09 00:41:55,040 [INFO] [1785/3000] Processing team-chat_kjj8.svg...
2026-02-09 00:42:09,192 [INFO] [1786/3000] Processing annotation_rz2w.svg...
2026-02-09 00:42:23,748 [INFO] [1787/3000] Processing Man programmer writing code.svg...
2026-02-09 00:42:36,552 [INFO] [1788/3000] Processing reviewed-docs_tng3.svg...
2026-02-09 00:42:51,156 [INFO] [1789/3000] Processing 404_14.svg...
2026-02-09 00:43:04,890 [INFO] [1790/3000] Processing walking-together_2u0k.svg...
2026-02-09 00:43:16,659 [INFO] [1791/3000] Processing navigator_2ntl.svg...
2026-02-09 00:43:29,411 [INFO] [1792/3000] Processing project_manage.svg...
2026-02-09 00:43:40,442 [INFO] [1793/3000] Processing reickychen_png_white_background_Illustration_of_Smiling_man_wit_e89f475a-c33f-4ae8-8cca-fe9af9adf6d6.svg...
2026-02-09 00:43:54,999 [INFO] [1794/3000] Processing Man_leaving_a_review.svg...
2026-02-09 00:44:06,622 [INFO] [1795/3000] Processing a_programmer_optimizing_code.svg...
2026-02-09 00:44:22,157 [INFO] [1796/3000] Processing colleagues having a meeting.svg...
2026-02-09 00:44:34,771 [INFO] [1797/3000] Processing analytics.svg...
2026-02-09 00:44:47,707 [INFO] [1798/3000] Processing mic-drop_vscc.svg...
2026-02-09 00:44:57,469 [INFO] [1799/3000] Processing os-upgrade_ztrf.svg...
2026-02-09 00:45:07,806 [INFO] [1800/3000] Processing cookie-love_t5px.svg...
2026-02-09 00:45:18,003 [INFO] [1801/3000] Processing messaging_456i.svg...
2026-02-09 00:45:26,681 [INFO] [1802/3000] Processing falw.svg...
2026-02-09 00:45:35,165 [INFO] [1803/3000] Processing on_foot.svg...
2026-02-09 00:45:45,346 [INFO] [1804/3000] Processing coffee-with-friends_ocg2.svg...
2026-02-09 00:45:55,165 [INFO] [1805/3000] Processing a_person_handing_files.svg...
2026-02-09 00:46:06,404 [INFO] [1806/3000] Processing around-the-world_1p8h.svg...
2026-02-09 00:46:21,845 [INFO] [1807/3000] Processing working on a balcony.svg...
2026-02-09 00:46:33,148 [INFO] [1808/3000] Processing person_organizing_project_tasks_on_a_whiteboard.svg...
2026-02-09 00:46:41,637 [INFO] [1809/3000] Processing online-world_myxf.svg...
2026-02-09 00:46:50,089 [INFO] [1810/3000] Processing ai-research-assistant_cxx0.svg...
2026-02-09 00:47:07,016 [INFO] [1811/3000] Processing upvote_frrh.svg...
2026-02-09 00:47:15,194 [INFO] [1812/3000] Processing team-work_i1f3.svg...
2026-02-09 00:47:26,986 [INFO] [1813/3000] Processing online-connection_c56e.svg...
2026-02-09 00:47:36,285 [INFO] [1814/3000] Processing autumn_yr1f.svg...
2026-02-09 00:47:48,260 [INFO] [1815/3000] Processing typing-code_6t2b.svg...
2026-02-09 00:47:58,902 [INFO] [1816/3000] Processing add-friends_v4kx.svg...
2026-02-09 00:48:09,716 [INFO] [1817/3000] Processing circuit_92r1.svg...
2026-02-09 00:48:20,884 [INFO] [1818/3000] Processing eating-together_mr7m.svg...
2026-02-09 00:48:31,834 [INFO] [1819/3000] Processing rising_uutn.svg...
2026-02-09 00:48:42,791 [INFO] [1820/3000] Processing sunny-day_53fo.svg...
2026-02-09 00:48:53,476 [INFO] [1821/3000] Processing visual-explanation_vd4l.svg...
2026-02-09 00:49:04,287 [INFO] [1822/3000] Processing Young woman showing gesture.svg...
2026-02-09 00:49:14,238 [INFO] [1823/3000] Processing 404_7.svg...
2026-02-09 00:49:34,153 [INFO] [1824/3000] Processing by_cookie_man.svg...
2026-02-09 00:49:46,043 [INFO] [1825/3000] Processing personal-notebook_blje.svg...
2026-02-09 00:49:59,034 [INFO] [1826/3000] Processing mint-tea_gjmb.svg...
2026-02-09 00:50:08,831 [INFO] [1827/3000] Processing project_manager.svg...
2026-02-09 00:50:18,550 [INFO] [1828/3000] Processing Jazz.svg...
2026-02-09 00:50:27,589 [INFO] [1829/3000] Processing profile-image_2hi8.svg...
2026-02-09 00:50:39,366 [INFO] [1830/3000] Processing noted_c0zn.svg...
2026-02-09 00:50:52,848 [INFO] [1831/3000] Processing phone.svg...
2026-02-09 00:51:05,175 [INFO] [1832/3000] Processing houses_owky.svg...
2026-02-09 00:51:17,768 [INFO] [1833/3000] Processing football.svg...
2026-02-09 00:51:29,800 [INFO] [1834/3000] Processing multiple-choice_9n00.svg...
2026-02-09 00:51:44,147 [INFO] [1835/3000] Processing insert-block_iqt6.svg...
2026-02-09 00:51:59,554 [INFO] [1836/3000] Processing share-online_qn2f.svg...
2026-02-09 00:52:11,400 [INFO] [1837/3000] Processing recording_1q6x.svg...
2026-02-09 00:52:31,398 [INFO] [1838/3000] Processing planing.svg...
2026-02-09 00:52:44,958 [INFO] [1839/3000] Processing a_confused_personal.svg...
2026-02-09 00:52:57,597 [INFO] [1840/3000] Processing Cute_bear.svg...
2026-02-09 00:53:12,578 [INFO] [1841/3000] Processing healthy-lifestyle_8zpg.svg...
2026-02-09 00:53:26,414 [INFO] [1842/3000] Processing order-ride_4gaq.svg...
2026-02-09 00:53:38,307 [INFO] [1843/3000] Processing marketing_vz5j.svg...
2026-02-09 00:53:54,438 [INFO] [1844/3000] Processing online-shopping_hgf6.svg...
2026-02-09 00:54:09,031 [INFO] [1845/3000] Processing my-current-location_tudq.svg...
2026-02-09 00:54:24,072 [INFO] [1846/3000] Processing public-discussion_693m.svg...
2026-02-09 00:54:40,039 [INFO] [1847/3000] Processing in-the-zone_07y7.svg...
2026-02-09 00:54:52,548 [INFO] [1848/3000] Processing Half woman with her head propped up with her hand.svg...
2026-02-09 00:55:04,664 [INFO] [1849/3000] Processing product-photography_pouq.svg...
2026-02-09 00:55:16,929 [INFO] [1850/3000] Processing woman holding a shopping bag.svg...
2026-02-09 00:55:29,738 [INFO] [1851/3000] Processing groceries_4via.svg...
2026-02-09 00:55:40,196 [INFO] [1852/3000] Processing content_0p18.svg...
2026-02-09 00:55:52,707 [INFO] [1853/3000] Processing afterwork.svg...
2026-02-09 00:56:06,854 [INFO] [1854/3000] Processing Man leaving a five-star review2.svg...
2026-02-09 00:56:20,296 [INFO] [1855/3000] Processing person_working_from_a_home_office_desk.svg...
2026-02-09 00:56:32,998 [INFO] [1856/3000] Processing call.svg...
2026-02-09 00:56:46,784 [INFO] [1857/3000] Processing social-expert_wfam.svg...
2026-02-09 00:56:57,472 [INFO] [1858/3000] Processing Dog Walking_extra_1.svg...
2026-02-09 00:57:08,546 [INFO] [1859/3000] Processing holding_an_envelope.svg...
2026-02-09 00:57:18,788 [INFO] [1860/3000] Processing a_person_working.svg...
2026-02-09 00:57:29,274 [INFO] [1861/3000] Processing a_working_man.svg...
2026-02-09 00:57:41,540 [INFO] [1862/3000] Processing Cute_hedgehog.svg...
2026-02-09 00:57:53,071 [INFO] [1863/3000] Processing photo_895y.svg...
2026-02-09 00:58:03,869 [INFO] [1864/3000] Processing for-review_coua.svg...
2026-02-09 00:58:15,634 [INFO] [1865/3000] Processing female_artist.svg...
2026-02-09 00:58:26,287 [INFO] [1866/3000] Processing happy-women-day_8whn.svg...
2026-02-09 00:58:37,358 [INFO] [1867/3000] Processing art_odou.svg...
2026-02-09 00:58:45,828 [INFO] [1868/3000] Processing design_ewba.svg...
2026-02-09 00:59:00,548 [INFO] [1869/3000] Processing my-code-snippets_1t66.svg...
2026-02-09 00:59:11,990 [INFO] [1870/3000] Processing special-event_hv54.svg...
2026-02-09 00:59:22,966 [INFO] [1871/3000] Processing active-support_v6g0.svg...
2026-02-09 00:59:32,499 [INFO] [1872/3000] Processing discoverable_nq2n.svg...
2026-02-09 00:59:42,372 [INFO] [1873/3000] Processing skateboarding_i2pz.svg...
2026-02-09 00:59:54,081 [INFO] [1874/3000] Processing two_people_sittin.svg...
2026-02-09 01:00:04,329 [INFO] [1875/3000] Processing a-whole-year_aniy.svg...
2026-02-09 01:00:14,889 [INFO] [1876/3000] Processing coffee-break_yeby.svg...
2026-02-09 01:00:25,050 [INFO] [1877/3000] Processing pitching_y6kw.svg...
2026-02-09 01:00:36,060 [INFO] [1878/3000] Processing mobile-browsers_zxj0.svg...
2026-02-09 01:00:46,147 [INFO] [1879/3000] Processing online-art_eetx.svg...
2026-02-09 01:00:57,611 [INFO] [1880/3000] Processing revenue-analysis_fjh2.svg...
2026-02-09 01:01:07,503 [INFO] [1881/3000] Processing location-tracking_q3yd.svg...
2026-02-09 01:01:17,849 [INFO] [1882/3000] Processing hologram_wfb0.svg...
2026-02-09 01:01:29,665 [INFO] [1883/3000] Processing man reading a newspaper.svg...
2026-02-09 01:01:39,395 [INFO] [1884/3000] Processing personal-text_090t.svg...
2026-02-09 01:01:49,074 [INFO] [1885/3000] Processing online-wishes_lwig.svg...
2026-02-09 01:02:01,327 [INFO] [1886/3000] Processing file-sync_ag5g.svg...
2026-02-09 01:02:10,290 [INFO] [1887/3000] Processing a_woman_hiking.svg...
2026-02-09 01:02:23,105 [INFO] [1888/3000] Processing videographer_v91u.svg...
2026-02-09 01:02:34,221 [INFO] [1889/3000] Processing mcp-server_7kvc.svg...
2026-02-09 01:02:44,878 [INFO] [1890/3000] Processing finance_m6vw.svg...
2026-02-09 01:02:55,434 [INFO] [1891/3000] Processing spreadsheets_bh6n.svg...
2026-02-09 01:03:06,229 [INFO] [1892/3000] Processing homework-research_kufa.svg...
2026-02-09 01:03:24,498 [INFO] [1893/3000] Processing Uploading data to cloud on phone.svg...
2026-02-09 01:03:37,557 [INFO] [1894/3000] Processing choose-color_wpfw.svg...
2026-02-09 01:03:49,632 [INFO] [1895/3000] Processing 404_6.svg...
2026-02-09 01:04:05,158 [INFO] [1896/3000] Processing saveM.svg...
2026-02-09 01:04:21,853 [INFO] [1897/3000] Processing gift.svg...
2026-02-09 01:04:36,996 [INFO] [1898/3000] Processing reickychen_png_white_background_Illustration_of_CV_for_hiring_a_fb0af6e5-98d4-45dd-9c54-52f092d66ab5.svg...
2026-02-09 01:04:48,300 [INFO] [1899/3000] Processing Man in red hoodie.svg...
2026-02-09 01:05:02,353 [INFO] [1900/3000] Processing shy-guy-avatar_094a.svg...
2026-02-09 01:05:16,535 [INFO] [1901/3000] Processing Young woman with a clipboard.svg...
2026-02-09 01:05:27,922 [INFO] [1902/3000] Processing snowman_m7tp.svg...
2026-02-09 01:05:43,087 [INFO] [1903/3000] Processing absorbed_h2rt.svg...
2026-02-09 01:05:55,040 [INFO] [1904/3000] Processing doctor_aum1.svg...
2026-02-09 01:06:09,687 [INFO] [1905/3000] Processing activity-tracker_3o6r.svg...
2026-02-09 01:06:21,055 [INFO] [1906/3000] Processing completing_3pe7.svg...
2026-02-09 01:06:34,574 [INFO] [1907/3000] Processing solution-mindset_pit7.svg...
2026-02-09 01:06:51,020 [INFO] [1908/3000] Processing completed-tasks_1j9z.svg...
2026-02-09 01:07:02,940 [INFO] [1909/3000] Processing bug-fixing_sgk7.svg...
2026-02-09 01:07:15,014 [INFO] [1910/3000] Processing avatar-traveler_ljy2.svg...
2026-02-09 01:07:27,725 [INFO] [1911/3000] Processing the-world-is-mine_wnib.svg...
2026-02-09 01:07:41,615 [INFO] [1912/3000] Processing an_elderly_Dog_Walking.svg...
2026-02-09 01:07:54,664 [INFO] [1913/3000] Processing frozen-figure_88h4.svg...
2026-02-09 01:08:07,747 [INFO] [1914/3000] Processing remote-team_4ljl.svg...
2026-02-09 01:08:19,016 [INFO] [1915/3000] Processing women-day_aa4h.svg...
2026-02-09 01:08:35,412 [INFO] [1916/3000] Processing a_chef_cooking.svg...
2026-02-09 01:08:46,455 [INFO] [1917/3000] Processing financial-data_lbci.svg...
2026-02-09 01:09:00,369 [INFO] [1918/3000] Processing ideation_r1g5.svg...
2026-02-09 01:09:13,987 [INFO] [1919/3000] Processing Female customer service.svg...
2026-02-09 01:09:32,668 [INFO] [1920/3000] Processing mobile-office_w861.svg...
2026-02-09 01:09:43,907 [INFO] [1921/3000] Processing welcome_nk8k.svg...
2026-02-09 01:09:54,971 [INFO] [1922/3000] Processing done_i0ak.svg...
2026-02-09 01:10:55,226 [ERROR] Request exception: HTTPSConnectionPool(host='api.siliconflow.cn', port=443): Read timed out. (read timeout=60)
2026-02-09 01:10:56,328 [INFO] [1923/3000] Processing lecture_hul3.svg...
2026-02-09 01:11:07,053 [INFO] [1924/3000] Processing Startup investment.svg...
2026-02-09 01:11:20,040 [INFO] [1925/3000] Processing statistics_z6y6.svg...
2026-02-09 01:11:32,476 [INFO] [1926/3000] Processing freelancer_vibs.svg...
2026-02-09 01:11:46,004 [INFO] [1927/3000] Processing secure-usb-drive_7pj5.svg...
2026-02-09 01:11:55,253 [INFO] [1928/3000] Processing a_programmer_work.svg...
2026-02-09 01:12:04,502 [INFO] [1929/3000] Processing dua-lipa_bc8o.svg...
2026-02-09 01:12:16,364 [INFO] [1930/3000] Processing baseball.svg...
2026-02-09 01:12:30,786 [INFO] [1931/3000] Processing season-change_ohe6.svg...
2026-02-09 01:12:45,824 [INFO] [1932/3000] Processing goals_0pov.svg...
2026-02-09 01:12:58,765 [INFO] [1933/3000] Processing a_young_girl.svg...
2026-02-09 01:13:08,202 [INFO] [1934/3000] Processing delivery-address_409g.svg...
2026-02-09 01:13:19,625 [INFO] [1935/3000] Processing nakamoto_uy67.svg...
2026-02-09 01:13:30,187 [INFO] [1936/3000] Processing files-uploading_qf8u.svg...
2026-02-09 01:13:41,867 [INFO] [1937/3000] Processing Rocket launch.svg...
2026-02-09 01:13:55,547 [INFO] [1938/3000] Processing apps_0l3h.svg...
2026-02-09 01:14:08,529 [INFO] [1939/3000] Processing playing-cards_yoqo.svg...
2026-02-09 01:14:18,077 [INFO] [1940/3000] Processing hanging out with friends.svg...
2026-02-09 01:14:26,720 [INFO] [1941/3000] Processing business-analytics_y8m6.svg...
2026-02-09 01:14:35,375 [INFO] [1942/3000] Processing video-games_itxa.svg...
2026-02-09 01:14:44,026 [INFO] [1943/3000] Processing un-draw-1000_ou30.svg...
2026-02-09 01:14:54,661 [INFO] [1944/3000] Processing work-time_zbsw.svg...
2026-02-09 01:15:00,001 [INFO] [1945/3000] Processing person_assisting_a_customer_at_a_service_counter.svg...
2026-02-09 01:15:05,324 [INFO] [1946/3000] Processing Man with laptop.svg...
2026-02-09 01:15:17,823 [INFO] [1947/3000] Processing Man gives high five.svg...
2026-02-09 01:15:29,650 [INFO] [1948/3000] Processing road-to-knowledge_f9zn.svg...
2026-02-09 01:15:40,619 [INFO] [1949/3000] Processing money.svg...
2026-02-09 01:15:53,298 [INFO] [1950/3000] Processing app-data_vo0p.svg...
2026-02-09 01:16:11,725 [INFO] [1951/3000] Processing going-offline_v4oo.svg...
2026-02-09 01:16:26,865 [INFO] [1952/3000] Processing newsletter_q7fx.svg...
2026-02-09 01:16:38,590 [INFO] [1953/3000] Processing country-side_ojgw.svg...
2026-02-09 01:16:49,751 [INFO] [1954/3000] Processing doll-play_e471.svg...
2026-02-09 01:17:00,110 [INFO] [1955/3000] Processing Riding an electric bike.svg...
2026-02-09 01:17:12,731 [INFO] [1956/3000] Processing wireframing_d3cx.svg...
2026-02-09 01:17:28,096 [INFO] [1957/3000] Processing opened_47gd.svg...
2026-02-09 01:17:41,786 [INFO] [1958/3000] Processing man having restt.svg...
2026-02-09 01:17:53,527 [INFO] [1959/3000] Processing amusement-park_j8fe.svg...
2026-02-09 01:18:07,897 [INFO] [1960/3000] Processing a-day-at-the-park_9w8d.svg...
2026-02-09 01:18:21,170 [INFO] [1961/3000] Processing selfie-fun_0qzh.svg...
2026-02-09 01:18:33,954 [INFO] [1962/3000] Processing speech-to-text_4kov.svg...
2026-02-09 01:18:45,708 [INFO] [1963/3000] Processing a_girl_listening_to_music.svg...
2026-02-09 01:18:58,383 [INFO] [1964/3000] Processing a man photographing.svg...
2026-02-09 01:19:14,881 [INFO] [1965/3000] Processing a_middle-aged.svg...
2026-02-09 01:19:27,895 [INFO] [1966/3000] Processing profile_d7qw.svg...
2026-02-09 01:19:39,961 [INFO] [1967/3000] Processing screen-time_f7ev.svg...
2026-02-09 01:19:52,291 [INFO] [1968/3000] Processing Woman presents information.svg...
2026-02-09 01:20:04,311 [INFO] [1969/3000] Processing travel-mode_ydxo.svg...
2026-02-09 01:20:16,730 [INFO] [1970/3000] Processing hr-presentation_uunk.svg...
2026-02-09 01:20:28,603 [INFO] [1971/3000] Processing online-organizer_1kdy.svg...
2026-02-09 01:20:41,345 [INFO] [1972/3000] Processing compose-email_s6kf.svg...
2026-02-09 01:20:52,659 [INFO] [1973/3000] Processing color-palette_zoli.svg...
2026-02-09 01:21:07,838 [INFO] [1974/3000] Processing social-distancing_jh03.svg...
2026-02-09 01:21:22,009 [INFO] [1975/3000] Processing analytics-setup_ptrz.svg...
2026-02-09 01:21:36,347 [INFO] [1976/3000] Processing pic-profile_nr49.svg...
2026-02-09 01:21:49,551 [INFO] [1977/3000] Processing Music_teacher.svg...
2026-02-09 01:22:02,973 [INFO] [1978/3000] Processing Girl with a large backpack looks at a map.svg...
2026-02-09 01:22:14,139 [INFO] [1979/3000] Processing hamburger_falh.svg...
2026-02-09 01:22:24,718 [INFO] [1980/3000] Processing a boy playing the drums.svg...
2026-02-09 01:22:35,907 [INFO] [1981/3000] Processing 404_4.svg...
2026-02-09 01:22:46,426 [INFO] [1982/3000] Processing counting-stars_onv6.svg...
2026-02-09 01:22:57,713 [INFO] [1983/3000] Processing mailbox_e7nc.svg...
2026-02-09 01:23:12,859 [INFO] [1984/3000] Processing a_chef.svg...
2026-02-09 01:23:23,297 [INFO] [1985/3000] Processing quality-time_ay6x.svg...
2026-02-09 01:23:33,837 [INFO] [1986/3000] Processing conceptual-idea_cc76.svg...
2026-02-09 01:23:48,563 [INFO] [1987/3000] Processing a_pediatrician_checking_a_child.svg...
2026-02-09 01:24:00,992 [INFO] [1988/3000] Processing playiing_football.svg...
2026-02-09 01:24:13,460 [INFO] [1989/3000] Processing develop-app_yg6p.svg...
2026-02-09 01:24:26,663 [INFO] [1990/3000] Processing decide_g91m.svg...
2026-02-09 01:24:42,021 [INFO] [1991/3000] Processing watching-reels_53wl.svg...
2026-02-09 01:25:01,685 [INFO] [1992/3000] Processing people_working_together_at_a_meeting_room_table.svg...
2026-02-09 01:25:14,332 [INFO] [1993/3000] Processing access-account_aydp.svg...
2026-02-09 01:25:26,815 [INFO] [1994/3000] Processing computer-files_7dj6.svg...
2026-02-09 01:25:38,306 [INFO] [1995/3000] Processing push-notifications_5z1s.svg...
2026-02-09 01:25:48,933 [INFO] [1996/3000] Processing photocopy_k0g7.svg...
2026-02-09 01:26:01,422 [INFO] [1997/3000] Processing young_man_shopping.svg...
2026-02-09 01:26:12,345 [INFO] [1998/3000] Processing a_person_brainstorm.svg...
2026-02-09 01:26:21,203 [INFO] [1999/3000] Processing waiting-for-you_xhp2.svg...
2026-02-09 01:26:32,391 [INFO] [2000/3000] Processing positive-attitude_xx3v.svg...
2026-02-09 01:26:43,933 [INFO] [2001/3000] Processing google-docs_fwhy.svg...
2026-02-09 01:26:53,518 [INFO] [2002/3000] Processing snow-games_hqrm.svg...
2026-02-09 01:27:06,043 [INFO] [2003/3000] Processing compose-music_9403.svg...
2026-02-09 01:27:18,154 [INFO] [2004/3000] Processing just-browsing_0rpb.svg...
2026-02-09 01:27:26,798 [INFO] [2005/3000] Processing selfie_1xk7.svg...
2026-02-09 01:27:38,380 [INFO] [2006/3000] Processing person_reviewing_a_design_mockup_on_a_tablet.svg...
2026-02-09 01:27:49,202 [INFO] [2007/3000] Processing reading_books.svg...
2026-02-09 01:27:59,490 [INFO] [2008/3000] Processing designing_graphics.svg...
2026-02-09 01:28:11,216 [INFO] [2009/3000] Processing selecting_vzas.svg...
2026-02-09 01:28:20,277 [INFO] [2010/3000] Processing marketing.svg...
2026-02-09 01:28:31,459 [INFO] [2011/3000] Processing maleAtWork.svg...
2026-02-09 01:28:42,038 [INFO] [2012/3000] Processing no-signal_nqfa.svg...
2026-02-09 01:28:52,854 [INFO] [2013/3000] Processing social-growth_osro.svg...
2026-02-09 01:29:05,280 [INFO] [2014/3000] Processing through_emails.svg...
2026-02-09 01:29:18,450 [INFO] [2015/3000] Processing gift_mtlf.svg...
2026-02-09 01:29:32,557 [INFO] [2016/3000] Processing giving_a_presentation.svg...
2026-02-09 01:29:44,726 [INFO] [2017/3000] Processing link-shortener_9ro5.svg...
2026-02-09 01:29:58,587 [INFO] [2018/3000] Processing product-explainer_b7ft.svg...
2026-02-09 01:30:11,862 [INFO] [2019/3000] Processing a_person_ brainstorming.svg...
2026-02-09 01:30:25,374 [INFO] [2020/3000] Processing a_programmer_browsing_a_code.svg...
2026-02-09 01:30:36,541 [INFO] [2021/3000] Processing reickychen_png_white_background_Illustration_of_Cryptocurrency__aeb4b2f1-178a-44d5-85cb-3a05e5115e57.svg...
2026-02-09 01:30:47,760 [INFO] [2022/3000] Processing reickychen_png_white_background_Illustration_of_Designer_desk_a_3619050b-c9dd-4325-9dc5-7d08b23230af (1).svg...
2026-02-09 01:31:00,562 [INFO] [2023/3000] Processing order-flowers_vauv.svg...
2026-02-09 01:31:09,600 [INFO] [2024/3000] Processing Woman programming.svg...
2026-02-09 01:31:20,811 [INFO] [2025/3000] Processing problem-solving_1kpx.svg...
2026-02-09 01:31:33,406 [INFO] [2026/3000] Processing card-postal_qbni.svg...
2026-02-09 01:31:44,033 [INFO] [2027/3000] Processing team-goals_0026.svg...
2026-02-09 01:31:54,987 [INFO] [2028/3000] Processing connected_0xor.svg...
2026-02-09 01:32:08,004 [INFO] [2029/3000] Processing 3d-modeling_j8a3.svg...
2026-02-09 01:32:21,516 [INFO] [2030/3000] Processing a_person_taking_notes.svg...
2026-02-09 01:32:33,501 [INFO] [2031/3000] Processing a man camping under the stars.svg...
2026-02-09 01:32:46,730 [INFO] [2032/3000] Processing authentication_1evl.svg...
2026-02-09 01:32:58,958 [INFO] [2033/3000] Processing journey_brk8.svg...
2026-02-09 01:33:15,324 [INFO] [2034/3000] Processing young man with a backpack.svg...
2026-02-09 01:33:28,406 [INFO] [2035/3000] Processing convert_dgkv.svg...
2026-02-09 01:33:43,463 [INFO] [2036/3000] Processing shared-goals_jn0a.svg...
2026-02-09 01:33:54,641 [INFO] [2037/3000] Processing events-calendar_sudy.svg...
2026-02-09 01:34:06,157 [INFO] [2038/3000] Processing dancing.svg...
2026-02-09 01:34:18,633 [INFO] [2039/3000] Processing analytics_6mru.svg...
2026-02-09 01:34:42,953 [INFO] [2040/3000] Processing next-js_hy59.svg...
2026-02-09 01:34:56,410 [INFO] [2041/3000] Processing A man holds a red arrow up.svg...
2026-02-09 01:35:07,009 [INFO] [2042/3000] Processing person_testing_a_product_in_a_lab_in_profile.svg...
2026-02-09 01:35:17,786 [INFO] [2043/3000] Processing wait-in-line_fbdq.svg...
2026-02-09 01:35:27,091 [INFO] [2044/3000] Processing a person watching TV.svg...
2026-02-09 01:35:35,720 [INFO] [2045/3000] Processing live-collaboration_i8an.svg...
2026-02-09 01:35:50,476 [INFO] [2046/3000] Processing inspiration_z6x7.svg...
2026-02-09 01:36:03,518 [INFO] [2047/3000] Processing businessman_walking2.svg...
2026-02-09 01:36:15,132 [INFO] [2048/3000] Processing fast-loading_ae60.svg...
2026-02-09 01:36:24,077 [INFO] [2049/3000] Processing working-out_6ksl.svg...
2026-02-09 01:36:34,649 [INFO] [2050/3000] Processing shopping-spree_h07u.svg...
2026-02-09 01:36:46,845 [INFO] [2051/3000] Processing group-project_kow1.svg...
2026-02-09 01:36:57,321 [INFO] [2052/3000] Processing website-visitors_qy9c.svg...
2026-02-09 01:37:12,208 [INFO] [2053/3000] Processing faq_pgxi.svg...
2026-02-09 01:37:25,305 [INFO] [2054/3000] Processing share-link_y9oh.svg...
2026-02-09 01:37:35,353 [INFO] [2055/3000] Processing 404_5.svg...
2026-02-09 01:37:48,548 [INFO] [2056/3000] Processing chore-list_ylw0.svg...
2026-02-09 01:37:59,676 [INFO] [2057/3000] Processing mobile-log-in_0n4q.svg...
2026-02-09 01:38:09,115 [INFO] [2058/3000] Processing posts_sd2r.svg...
2026-02-09 01:38:23,933 [INFO] [2059/3000] Processing fitting-piece_y3bi.svg...
2026-02-09 01:38:35,933 [INFO] [2060/3000] Processing a_person_skiing2.svg...
2026-02-09 01:38:47,610 [INFO] [2061/3000] Processing raining_j24q.svg...
2026-02-09 01:38:58,259 [INFO] [2062/3000] Processing art-museum_pqfw.svg...
2026-02-09 01:39:07,276 [INFO] [2063/3000] Processing nuxt-js_ge6r.svg...
2026-02-09 01:39:15,617 [INFO] [2064/3000] Processing hiring_8szx.svg...
2026-02-09 01:39:25,383 [INFO] [2065/3000] Processing add-post_prex.svg...
2026-02-09 01:39:36,572 [INFO] [2066/3000] Processing professor_xcrw.svg...
2026-02-09 01:39:45,696 [INFO] [2067/3000] Processing online_dhvx.svg...
2026-02-09 01:39:59,460 [INFO] [2068/3000] Processing creative-woman_su2h.svg...
2026-02-09 01:40:12,424 [INFO] [2069/3000] Processing pizza-sharing_lu19.svg...
2026-02-09 01:40:27,923 [INFO] [2070/3000] Processing sunlight_m10w.svg...
2026-02-09 01:40:41,025 [INFO] [2071/3000] Processing mobile-development_tjxm.svg...
2026-02-09 01:40:52,883 [INFO] [2072/3000] Processing christmas-tree_zxed.svg...
2026-02-09 01:41:04,494 [INFO] [2073/3000] Processing snow-globe_xrk9.svg...
2026-02-09 01:41:15,709 [INFO] [2074/3000] Processing Man studying analytics on laptop.svg...
2026-02-09 01:41:31,061 [INFO] [2075/3000] Processing choose-card_es1o.svg...
2026-02-09 01:41:43,121 [INFO] [2076/3000] Processing woman_cooking.svg...
2026-02-09 01:41:55,653 [INFO] [2077/3000] Processing Young man talking.svg...
2026-02-09 01:42:10,064 [INFO] [2078/3000] Processing take-out-boxes_n094.svg...
2026-02-09 01:42:23,164 [INFO] [2079/3000] Processing farming_u62j.svg...
2026-02-09 01:42:36,275 [INFO] [2080/3000] Processing team-collaboration_phnf.svg...
2026-02-09 01:42:50,985 [INFO] [2081/3000] Processing publish-article_u3z6.svg...
2026-02-09 01:43:05,279 [INFO] [2082/3000] Processing in-the-pool_m83v.svg...
2026-02-09 01:43:15,941 [INFO] [2083/3000] Processing ride-till-i-can-no-more_j9e9.svg...
2026-02-09 01:43:25,923 [INFO] [2084/3000] Processing popular_uk9x.svg...
2026-02-09 01:43:40,994 [INFO] [2085/3000] Processing explore_kfv3.svg...
2026-02-09 01:43:53,476 [INFO] [2086/3000] Processing people-search_xpq4.svg...
2026-02-09 01:44:07,896 [INFO] [2087/3000] Processing pull-request_zlsu.svg...
2026-02-09 01:44:19,696 [INFO] [2088/3000] Processing playing_with_toy_cars.svg...
2026-02-09 01:44:30,919 [INFO] [2089/3000] Processing reminder_ustg.svg...
2026-02-09 01:44:45,913 [INFO] [2090/3000] Processing users-per-minute_eg97.svg...
2026-02-09 01:45:00,272 [INFO] [2091/3000] Processing design-components_529l.svg...
2026-02-09 01:45:14,971 [INFO] [2092/3000] Processing researching_49yy.svg...
2026-02-09 01:45:25,066 [INFO] [2093/3000] Processing Completed list or work tasks.svg...
2026-02-09 01:45:39,855 [INFO] [2094/3000] Processing access-denied_krem.svg...
2026-02-09 01:45:51,393 [INFO] [2095/3000] Processing image-focus_jdr2.svg...
2026-02-09 01:46:04,098 [INFO] [2096/3000] Processing video-tutorial_lgts.svg...
2026-02-09 01:46:19,466 [INFO] [2097/3000] Processing game-world_z4nd.svg...
2026-02-09 01:46:34,305 [INFO] [2098/3000] Processing creation-process_uvp6.svg...
2026-02-09 01:46:51,055 [INFO] [2099/3000] Processing audiobook_0h9f.svg...
2026-02-09 01:47:04,794 [INFO] [2100/3000] Processing business-call_w1gr.svg...
2026-02-09 01:47:19,099 [INFO] [2101/3000] Processing a_girl_flying_a_kite.svg...
2026-02-09 01:47:34,450 [INFO] [2102/3000] Processing an interior designer.svg...
2026-02-09 01:47:44,377 [INFO] [2103/3000] Processing reading-time_gcvc.svg...
2026-02-09 01:47:52,844 [INFO] [2104/3000] Processing a_Man_Working.svg...
2026-02-09 01:48:02,434 [INFO] [2105/3000] Processing unlock_m0yr.svg...
2026-02-09 01:48:15,842 [INFO] [2106/3000] Processing focused-dev_gqoa.svg...
2026-02-09 01:48:29,881 [INFO] [2107/3000] Processing 404_1.svg...
2026-02-09 01:48:39,151 [INFO] [2108/3000] Processing reickychen_png_white_background_Illustration_of_A_woman_sits_at_c102f2fb-f8be-4aac-ae23-28da79b4a214.svg...
2026-02-09 01:48:48,959 [INFO] [2109/3000] Processing happy-new-year_rx7k.svg...
2026-02-09 01:48:57,712 [INFO] [2110/3000] Processing person_browsing_bookshelves_in_a_library.svg...
2026-02-09 01:49:06,355 [INFO] [2111/3000] Processing by_cookie_happy.svg...
2026-02-09 01:49:18,789 [INFO] [2112/3000] Processing site-content_aa05.svg...
2026-02-09 01:49:28,420 [INFO] [2113/3000] Processing my-app_15n4.svg...
2026-02-09 01:49:37,160 [INFO] [2114/3000] Processing helpful-sign_qvgg.svg...
2026-02-09 01:49:46,347 [INFO] [2115/3000] Processing random-thoughts_spw5.svg...
2026-02-09 01:49:55,676 [INFO] [2116/3000] Processing design-sprint_7mmb.svg...
2026-02-09 01:50:05,029 [INFO] [2117/3000] Processing a_girl_eating_ice_cream.svg...
2026-02-09 01:50:13,641 [INFO] [2118/3000] Processing wishes_tf5p.svg...
2026-02-09 01:50:24,765 [INFO] [2119/3000] Processing under-construction_hdrn.svg...
2026-02-09 01:50:34,027 [INFO] [2120/3000] Processing file-synchronization_g9mj.svg...
2026-02-09 01:50:41,393 [INFO] [2121/3000] Processing Play the guitar.svg...
2026-02-09 01:50:50,485 [INFO] [2122/3000] Processing artist-at-work_yos7.svg...
2026-02-09 01:51:06,725 [INFO] [2123/3000] Processing young-man-avatar_wgbd.svg...
2026-02-09 01:51:21,553 [INFO] [2124/3000] Processing gravitas_ger1.svg...
2026-02-09 01:51:33,630 [INFO] [2125/3000] Processing right-places_6czi.svg...
2026-02-09 01:51:46,681 [INFO] [2126/3000] Processing designer-girl_jtyy.svg...
2026-02-09 01:52:02,325 [INFO] [2127/3000] Processing programmer_walk.svg...
2026-02-09 01:52:15,053 [INFO] [2128/3000] Processing artist_painting_on_a_canvas.svg...
2026-02-09 01:52:24,403 [INFO] [2129/3000] Processing yoga_i399.svg...
2026-02-09 01:52:32,689 [INFO] [2130/3000] Processing destinations_izq9.svg...
2026-02-09 01:52:42,888 [INFO] [2131/3000] Processing taking-notes_oyqz.svg...
2026-02-09 01:52:52,345 [INFO] [2132/3000] Processing logo-design_530k.svg...
2026-02-09 01:53:01,725 [INFO] [2133/3000] Processing a person drinking coffee.svg...
2026-02-09 01:53:09,714 [INFO] [2134/3000] Processing listening-to-podcasts_j0hm.svg...
2026-02-09 01:53:18,910 [INFO] [2135/3000] Processing super-thank-you_flq2.svg...
2026-02-09 01:53:33,071 [INFO] [2136/3000] Processing content-structure_0gu1.svg...
2026-02-09 01:53:47,292 [INFO] [2137/3000] Processing adjustments_i9pi.svg...
2026-02-09 01:53:56,189 [INFO] [2138/3000] Processing person_present_project.svg...
2026-02-09 01:54:09,676 [INFO] [2139/3000] Processing a_programmer_listening_to_music.svg...
2026-02-09 01:54:22,176 [INFO] [2140/3000] Processing applications_h0mq.svg...
2026-02-09 01:54:33,681 [INFO] [2141/3000] Processing home-run_n1g7.svg...
2026-02-09 01:54:45,208 [INFO] [2142/3000] Processing children_e6ln.svg...
2026-02-09 01:54:58,333 [INFO] [2143/3000] Processing sentiment-analysis_rke9.svg...
2026-02-09 01:55:10,580 [INFO] [2144/3000] Processing AManWorking hard.svg...
2026-02-09 01:55:20,493 [INFO] [2145/3000] Processing woman doing yoga.svg...
2026-02-09 01:55:31,700 [INFO] [2146/3000] Processing two_people_badminton.svg...
2026-02-09 01:55:42,625 [INFO] [2147/3000] Processing personal-documents_uhkq.svg...
2026-02-09 01:55:54,022 [INFO] [2148/3000] Processing game-day_m63l.svg...
2026-02-09 01:56:08,744 [INFO] [2149/3000] Processing founding-team_8uhm.svg...
2026-02-09 01:56:22,161 [INFO] [2150/3000] Processing ask-me-anything_v09d.svg...
2026-02-09 01:56:33,890 [INFO] [2151/3000] Processing a person listening to music.svg...
2026-02-09 01:56:45,711 [INFO] [2152/3000] Processing file-bundle_oaof.svg...
2026-02-09 01:56:58,451 [INFO] [2153/3000] Processing investor-update_9gnf.svg...
2026-02-09 01:57:10,480 [INFO] [2154/3000] Processing chat online business.svg...
2026-02-09 01:57:21,997 [INFO] [2155/3000] Processing escaping_aq6s.svg...
2026-02-09 01:57:34,857 [INFO] [2156/3000] Processing year-2022_j29u.svg...
2026-02-09 01:57:46,514 [INFO] [2157/3000] Processing Science_teacher_conducting.svg...
2026-02-09 01:58:00,058 [INFO] [2158/3000] Processing modern-design_yur1.svg...
2026-02-09 01:58:13,759 [INFO] [2159/3000] Processing a_person_skiing.svg...
2026-02-09 01:58:26,320 [INFO] [2160/3000] Processing loading-ui_egb4.svg...
2026-02-09 01:58:41,995 [INFO] [2161/3000] Processing happy-music_na4p.svg...
2026-02-09 01:58:53,526 [INFO] [2162/3000] Processing information-tab_6nod.svg...
2026-02-09 01:59:04,347 [INFO] [2163/3000] Processing studying_n5uj.svg...
2026-02-09 01:59:16,877 [INFO] [2164/3000] Processing photographer_2rbr.svg...
2026-02-09 01:59:30,518 [INFO] [2165/3000] Processing send-gift_jl1z.svg...
2026-02-09 01:59:44,412 [INFO] [2166/3000] Processing personal-finance_xpqg.svg...
2026-02-09 01:59:55,600 [INFO] [2167/3000] Processing confident_9v38.svg...
2026-02-09 02:00:07,826 [INFO] [2168/3000] Processing folder_8dxv.svg...
2026-02-09 02:00:18,368 [INFO] [2169/3000] Processing online_meeting.svg...
2026-02-09 02:00:31,173 [INFO] [2170/3000] Processing private-data_7v0o.svg...
2026-02-09 02:00:42,998 [INFO] [2171/3000] Processing take a photo.svg...
2026-02-09 02:00:53,567 [INFO] [2172/3000] Processing static-website_x3tn.svg...
2026-02-09 02:01:04,591 [INFO] [2173/3000] Processing video-game-night_fxcu.svg...
2026-02-09 02:01:16,884 [INFO] [2174/3000] Processing mobile-search_macy.svg...
2026-02-09 02:01:28,407 [INFO] [2175/3000] Processing qa-engineers_kgp8.svg...
2026-02-09 02:01:42,776 [INFO] [2176/3000] Processing creative-experiment_bzae.svg...
2026-02-09 02:01:53,920 [INFO] [2177/3000] Processing Man in office clothes with a clipboard.svg...
2026-02-09 02:02:03,654 [INFO] [2178/3000] Processing pie-chart_eo9h.svg...
2026-02-09 02:02:14,481 [INFO] [2179/3000] Processing product-demo_9d4i.svg...
2026-02-09 02:02:24,721 [INFO] [2180/3000] Processing pure-love_cvaw.svg...
2026-02-09 02:02:37,358 [INFO] [2181/3000] Processing team_celebrating_success.svg...
2026-02-09 02:02:49,088 [INFO] [2182/3000] Processing mobile-payments_uate.svg...
2026-02-09 02:02:59,313 [INFO] [2183/3000] Processing animating_3d6h.svg...
2026-02-09 02:03:11,566 [INFO] [2184/3000] Processing bitcoin_q7r1.svg...
2026-02-09 02:03:22,337 [INFO] [2185/3000] Processing party_27wv.svg...
2026-02-09 02:03:33,392 [INFO] [2186/3000] Processing empty_4zx0.svg...
2026-02-09 02:03:44,396 [INFO] [2187/3000] Processing Man and woman giving each other a high five to celebrate success.svg...
2026-02-09 02:03:57,294 [INFO] [2188/3000] Processing Woman moving cards on a Kanban board.svg...
2026-02-09 02:04:06,377 [INFO] [2189/3000] Processing interview.svg...
2026-02-09 02:04:15,692 [INFO] [2190/3000] Processing setting_up_meeting_room.svg...
2026-02-09 02:04:24,922 [INFO] [2191/3000] Processing male-athlete-avatar_dabn.svg...
2026-02-09 02:04:34,459 [INFO] [2192/3000] Processing booking_1ztt.svg...
2026-02-09 02:04:43,931 [INFO] [2193/3000] Processing version-control_e4yu.svg...
2026-02-09 02:04:52,752 [INFO] [2194/3000] Processing Man meditating while listening to music.svg...
2026-02-09 02:05:01,737 [INFO] [2195/3000] Processing online-posts_avfn.svg...
2026-02-09 02:05:11,784 [INFO] [2196/3000] Processing outdoor-party_ixnf.svg...
2026-02-09 02:05:27,765 [INFO] [2197/3000] Processing on-the-move_3di5.svg...
2026-02-09 02:05:41,319 [INFO] [2198/3000] Processing analyzing data.svg...
2026-02-09 02:05:54,000 [INFO] [2199/3000] Processing flying_kites.svg...
2026-02-09 02:06:07,746 [INFO] [2200/3000] Processing collaborating_mayd.svg...
2026-02-09 02:06:17,740 [INFO] [2201/3000] Processing team-spirit_18vw.svg...
2026-02-09 02:06:32,169 [INFO] [2202/3000] Processing landing_rd2s.svg...
2026-02-09 02:06:52,551 [INFO] [2203/3000] Processing informed-decision_2jwi.svg...
2026-02-09 02:07:09,841 [INFO] [2204/3000] Processing Man came up with an idea2.svg...
2026-02-09 02:07:28,524 [INFO] [2205/3000] Processing quiz_zvhe.svg...
2026-02-09 02:07:42,966 [INFO] [2206/3000] Processing person_cooking_in_a_kitchen.svg...
2026-02-09 02:07:55,046 [INFO] [2207/3000] Processing omega_aj2q.svg...
2026-02-09 02:08:08,613 [INFO] [2208/3000] Processing firmware_3fxd.svg...
2026-02-09 02:08:26,730 [INFO] [2209/3000] Processing moving_2cfm.svg...
2026-02-09 02:08:38,871 [INFO] [2210/3000] Processing server-status_7viz.svg...
2026-02-09 02:08:49,375 [INFO] [2211/3000] Processing DataAnalyst.svg...
2026-02-09 02:09:03,477 [INFO] [2212/3000] Processing Woman buying something online.svg...
2026-02-09 02:09:19,103 [INFO] [2213/3000] Processing a person cycling on a street.svg...
2026-02-09 02:09:30,934 [INFO] [2214/3000] Processing cloud-files_8upc.svg...
2026-02-09 02:09:45,665 [INFO] [2215/3000] Processing spread-love_0ekp.svg...
2026-02-09 02:09:58,086 [INFO] [2216/3000] Processing reickychen_png_white_background_Illustration_of_Young_man_showi_828bfda5-9a4e-46be-bad6-c6840f7c7b22.svg...
2026-02-09 02:10:11,568 [INFO] [2217/3000] Processing high-fiving each other.svg...
2026-02-09 02:10:24,051 [INFO] [2218/3000] Processing laravel-and-vue_fios.svg...
2026-02-09 02:10:44,410 [INFO] [2219/3000] Processing man writing in a notebook.svg...
2026-02-09 02:10:56,103 [INFO] [2220/3000] Processing a_nurse.svg...
2026-02-09 02:11:08,859 [INFO] [2221/3000] Processing summer_u79u.svg...
2026-02-09 02:11:21,660 [INFO] [2222/3000] Processing phone-camera_9r54.svg...
2026-02-09 02:11:32,618 [INFO] [2223/3000] Processing School_bus.svg...
2026-02-09 02:11:49,166 [INFO] [2224/3000] Processing live-photo_t8nz.svg...
2026-02-09 02:12:00,360 [INFO] [2225/3000] Processing remote-design-team_qfqr.svg...
2026-02-09 02:12:12,513 [INFO] [2226/3000] Processing mobile-marketing_7x7m.svg...
2026-02-09 02:12:24,485 [INFO] [2227/3000] Processing a_musician.svg...
2026-02-09 02:12:36,247 [INFO] [2228/3000] Processing customize-app_wqo5.svg...
2026-02-09 02:12:48,045 [INFO] [2229/3000] Processing process_0wew.svg...
2026-02-09 02:12:58,975 [INFO] [2230/3000] Processing missed-chances_5vme.svg...
2026-02-09 02:13:11,225 [INFO] [2231/3000] Processing meditating_1fki.svg...
2026-02-09 02:13:20,358 [INFO] [2232/3000] Processing short-bio_rxu2.svg...
2026-02-09 02:13:32,145 [INFO] [2233/3000] Processing a_person_answer_question.svg...
2026-02-09 02:13:42,802 [INFO] [2234/3000] Processing notebook_8ihb.svg...
2026-02-09 02:13:52,463 [INFO] [2235/3000] Processing woman in shorts.svg...
2026-02-09 02:14:02,191 [INFO] [2236/3000] Processing mention_t7iw.svg...
2026-02-09 02:14:11,248 [INFO] [2237/3000] Processing instant-information_li5g.svg...
2026-02-09 02:14:26,245 [INFO] [2238/3000] Processing friendly-guy-avatar_dqp5.svg...
2026-02-09 02:14:38,443 [INFO] [2239/3000] Processing watch-application_uw0p.svg...
2026-02-09 02:14:49,650 [INFO] [2240/3000] Processing accept-request_489a.svg...
2026-02-09 02:15:01,006 [INFO] [2241/3000] Processing happy_fsrv.svg...
2026-02-09 02:15:13,455 [INFO] [2242/3000] Processing fishing_by_a_lake.svg...
2026-02-09 02:15:26,769 [INFO] [2243/3000] Processing creativity_z0ey.svg...
2026-02-09 02:15:38,434 [INFO] [2244/3000] Processing marketing strategies2.svg...
2026-02-09 02:15:46,991 [INFO] [2245/3000] Processing apps-notifications_tqpw.svg...
2026-02-09 02:16:07,728 [INFO] [2246/3000] Processing mail-sent_ujev.svg...
2026-02-09 02:16:18,669 [INFO] [2247/3000] Processing coding_on_a_laptop.svg...
2026-02-09 02:16:29,550 [INFO] [2248/3000] Processing mobile-photos_uu13.svg...
2026-02-09 02:16:38,232 [INFO] [2249/3000] Processing pride_u77s.svg...
2026-02-09 02:16:48,059 [INFO] [2250/3000] Processing Cute_owl.svg...
2026-02-09 02:17:00,536 [INFO] [2251/3000] Processing xmas-surprise_71qn.svg...
2026-02-09 02:17:09,248 [INFO] [2252/3000] Processing teaching_58yg.svg...
2026-02-09 02:17:21,011 [INFO] [2253/3000] Processing watch-notification_f2pp.svg...
2026-02-09 02:17:31,932 [INFO] [2254/3000] Processing person_coding_on_a_computer_screen_in_profile.svg...
2026-02-09 02:17:43,725 [INFO] [2255/3000] Processing my-answer_au1h.svg...
2026-02-09 02:17:54,965 [INFO] [2256/3000] Processing Brainstorming_extra_1.svg...
2026-02-09 02:18:05,836 [INFO] [2257/3000] Processing exam-prep_nmly.svg...
2026-02-09 02:18:17,267 [INFO] [2258/3000] Processing a_person_skatebo.svg...
2026-02-09 02:18:30,767 [INFO] [2259/3000] Processing a_programmer_relaxing.svg...
2026-02-09 02:18:43,452 [INFO] [2260/3000] Processing 404_2.svg...
2026-02-09 02:18:57,966 [INFO] [2261/3000] Processing chill-guy-avatar_tqsm.svg...
2026-02-09 02:19:06,612 [INFO] [2262/3000] Processing document-ready_o5d5.svg...
2026-02-09 02:19:23,258 [INFO] [2263/3000] Processing maintenance_4unj.svg...
2026-02-09 02:19:35,903 [INFO] [2264/3000] Processing camping_q4ji.svg...
2026-02-09 02:19:50,236 [INFO] [2265/3000] Processing woman sitting with laptop.svg...
2026-02-09 02:20:06,340 [INFO] [2266/3000] Processing teenager_riding_a_bike.svg...
2026-02-09 02:20:21,451 [INFO] [2267/3000] Processing loving-it_hspq.svg...
2026-02-09 02:20:36,155 [INFO] [2268/3000] Processing woman talking into a microphone.svg...
2026-02-09 02:20:51,679 [INFO] [2269/3000] Processing regain-focus_iayd.svg...
2026-02-09 02:21:04,166 [INFO] [2270/3000] Processing landscape-photographer_e84n.svg...
2026-02-09 02:21:17,809 [INFO] [2271/3000] Processing Dog Walking.svg...
2026-02-09 02:21:30,244 [INFO] [2272/3000] Processing hacker-mindset_m0cp.svg...
2026-02-09 02:21:43,924 [INFO] [2273/3000] Processing out-of-office_sae8.svg...
2026-02-09 02:21:59,545 [INFO] [2274/3000] Processing writer_r7ca.svg...
2026-02-09 02:22:15,179 [INFO] [2275/3000] Processing a young woman practicing yoga.svg...
2026-02-09 02:22:34,292 [INFO] [2276/3000] Processing friendly-guy-avatar_ibbp.svg...
2026-02-09 02:22:51,160 [INFO] [2277/3000] Processing alien-science_0aba.svg...
2026-02-09 02:23:06,270 [INFO] [2278/3000] Processing shopping-favorites_spd0.svg...
2026-02-09 02:23:21,729 [INFO] [2279/3000] Processing data-trends_kv5v.svg...
2026-02-09 02:23:36,712 [INFO] [2280/3000] Processing share-opinion_84l8.svg...
2026-02-09 02:23:52,440 [INFO] [2281/3000] Processing ballon.svg...
2026-02-09 02:24:08,677 [INFO] [2282/3000] Processing new-decade_n15d.svg...
2026-02-09 02:24:27,545 [INFO] [2283/3000] Processing contact-us_kcoa.svg...
2026-02-09 02:24:40,090 [INFO] [2284/3000] Processing map-dark_g9xq.svg...
2026-02-09 02:24:54,116 [INFO] [2285/3000] Processing reickychen_png_white_background_Illustration_of_Man_studying_fi_53e53eda-861f-4b20-ad2e-6383aec3d0f1.svg...
2026-02-09 02:25:08,255 [INFO] [2286/3000] Processing teenager_attending.svg...
2026-02-09 02:25:21,951 [INFO] [2287/3000] Processing fatherhood_eldm.svg...
2026-02-09 02:25:33,913 [INFO] [2288/3000] Processing customers purchasing pastries.svg...
2026-02-09 02:25:44,941 [INFO] [2289/3000] Processing a_scientist.svg...
2026-02-09 02:25:55,185 [INFO] [2290/3000] Processing redesign-feedback_aecb.svg...
2026-02-09 02:26:07,708 [INFO] [2291/3000] Processing a_person_making_a_call.svg...
2026-02-09 02:26:19,585 [INFO] [2292/3000] Processing man writing2.svg...
2026-02-09 02:26:29,411 [INFO] [2293/3000] Processing file-manager_yics.svg...
2026-02-09 02:26:45,695 [INFO] [2294/3000] Processing thought-process_ze2r.svg...
2026-02-09 02:26:58,284 [INFO] [2295/3000] Processing man idea.svg...
2026-02-09 02:27:14,151 [INFO] [2296/3000] Processing data-table_xmec.svg...
2026-02-09 02:27:26,100 [INFO] [2297/3000] Processing team-effort_2mrb.svg...
2026-02-09 02:27:36,299 [INFO] [2298/3000] Processing mathematics_0j2b.svg...
2026-02-09 02:27:48,195 [INFO] [2299/3000] Processing gaming-controller_qzoc.svg...
2026-02-09 02:27:58,085 [INFO] [2300/3000] Processing Open laptop with pop-up windows.svg...
2026-02-09 02:28:09,207 [INFO] [2301/3000] Processing swipe-options_9sel.svg...
2026-02-09 02:28:21,030 [INFO] [2302/3000] Processing profile-data_xkr9.svg...
2026-02-09 02:28:33,034 [INFO] [2303/3000] Processing Man in red hoodie2.svg...
2026-02-09 02:28:43,679 [INFO] [2304/3000] Processing setup_fzje.svg...
2026-02-09 02:28:55,034 [INFO] [2305/3000] Processing map_cuix.svg...
2026-02-09 02:29:02,551 [INFO] [2306/3000] Processing Cook.svg...
2026-02-09 02:29:12,675 [INFO] [2307/3000] Processing mobile-wireframe_fpih.svg...
2026-02-09 02:29:48,607 [INFO] [2308/3000] Processing network_engineers.svg...
2026-02-09 02:30:01,861 [INFO] [2309/3000] Processing posting-photo_15k3.svg...
2026-02-09 02:30:10,396 [INFO] [2310/3000] Processing online-meeting_qe61.svg...
2026-02-09 02:30:21,126 [INFO] [2311/3000] Processing content-team_i066.svg...
2026-02-09 02:30:33,550 [INFO] [2312/3000] Processing not-found_6bgl.svg...
2026-02-09 02:30:52,806 [INFO] [2313/3000] Processing city-life_l74x.svg...
2026-02-09 02:31:04,123 [INFO] [2314/3000] Processing drawing_extra_1.svg...
2026-02-09 02:31:16,912 [INFO] [2315/3000] Processing data_analysis.svg...
2026-02-09 02:31:27,702 [INFO] [2316/3000] Processing our-neighborhood_s0n2.svg...
2026-02-09 02:31:44,157 [INFO] [2317/3000] Processing term-sheet_70lo.svg...
2026-02-09 02:31:55,371 [INFO] [2318/3000] Processing new-notification_q6lz.svg...
2026-02-09 02:32:09,635 [INFO] [2319/3000] Processing button-style_mmk3.svg...
2026-02-09 02:32:22,737 [INFO] [2320/3000] Processing slider_a8po.svg...
2026-02-09 02:32:36,177 [INFO] [2321/3000] Processing weather-notification_5wuk.svg...
2026-02-09 02:32:53,993 [INFO] [2322/3000] Processing deep-work_muov.svg...
2026-02-09 02:33:10,749 [INFO] [2323/3000] Processing taking temperature.svg...
2026-02-09 02:33:22,575 [INFO] [2324/3000] Processing referral_ihsd.svg...
2026-02-09 02:33:36,424 [INFO] [2325/3000] Processing tea_party.svg...
2026-02-09 02:33:52,847 [INFO] [2326/3000] Processing play-time_c8vl.svg...
2026-02-09 02:34:06,098 [INFO] [2327/3000] Processing on-the-way_zwi3.svg...
2026-02-09 02:34:17,626 [INFO] [2328/3000] Processing receipt_tzi0.svg...
2026-02-09 02:34:30,309 [INFO] [2329/3000] Processing Girl working on laptop.svg...
2026-02-09 02:34:44,262 [INFO] [2330/3000] Processing customer.svg...
2026-02-09 02:34:56,558 [INFO] [2331/3000] Processing opened-tabs_ypdq.svg...
2026-02-09 02:35:14,820 [INFO] [2332/3000] Processing launch-day_w9g1.svg...
2026-02-09 02:35:28,658 [INFO] [2333/3000] Processing cloud-docs_6cpw.svg...
2026-02-09 02:35:43,511 [INFO] [2334/3000] Processing mobile-images_b202.svg...
2026-02-09 02:35:53,940 [INFO] [2335/3000] Processing a_musician_extra_1.svg...
2026-02-09 02:36:08,521 [INFO] [2336/3000] Processing coffee-run_kfzq.svg...
2026-02-09 02:36:22,435 [INFO] [2337/3000] Processing searching-everywhere_tffi.svg...
2026-02-09 02:36:35,934 [INFO] [2338/3000] Processing new-year-2021_ui2r.svg...
2026-02-09 02:36:49,516 [INFO] [2339/3000] Processing 404_3.svg...
2026-02-09 02:37:07,551 [INFO] [2340/3000] Processing resume-folder_hf4p.svg...
2026-02-09 02:37:18,418 [INFO] [2341/3000] Processing a_girl_holding_an_umbrella.svg...
2026-02-09 02:37:36,553 [INFO] [2342/3000] Processing add-information_06qr.svg...
2026-02-09 02:37:47,104 [INFO] [2343/3000] Processing experience-design_d4md.svg...
2026-02-09 02:38:01,348 [INFO] [2344/3000] Processing voice-assistant_k27k.svg...
2026-02-09 02:38:11,902 [INFO] [2345/3000] Processing young man and woman searching.svg...
2026-02-09 02:38:23,759 [INFO] [2346/3000] Processing directions_oehw.svg...
2026-02-09 02:38:36,359 [INFO] [2347/3000] Processing friends_xscy.svg...
2026-02-09 02:38:45,942 [INFO] [2348/3000] Processing farm-girl_cefo.svg...
2026-02-09 02:38:54,406 [INFO] [2349/3000] Processing Lady.svg...
2026-02-09 02:39:04,320 [INFO] [2350/3000] Processing a_programmer_drinking.svg...
2026-02-09 02:39:15,524 [INFO] [2351/3000] Processing progress-overview_wl8n.svg...
2026-02-09 02:39:29,631 [INFO] [2352/3000] Processing to-the-moon_w1wa.svg...
2026-02-09 02:39:41,030 [INFO] [2353/3000] Processing a_young_woman.svg...
2026-02-09 02:39:50,099 [INFO] [2354/3000] Processing data-points_uc3j.svg...
2026-02-09 02:40:00,698 [INFO] [2355/3000] Processing completion-progress_o56q.svg...
2026-02-09 02:40:13,762 [INFO] [2356/3000] Processing back-home_3dun.svg...
2026-02-09 02:40:24,813 [INFO] [2357/3000] Processing a_climber.svg...
2026-02-09 02:40:37,055 [INFO] [2358/3000] Processing buffer_dsav.svg...
2026-02-09 02:40:47,211 [INFO] [2359/3000] Processing woman listening to music.svg...
2026-02-09 02:40:58,562 [INFO] [2360/3000] Processing celebration_wtm8.svg...
2026-02-09 02:41:07,830 [INFO] [2361/3000] Processing a_programmer_managing_version_control.svg...
2026-02-09 02:41:18,112 [INFO] [2362/3000] Processing creative-draft_v189.svg...
2026-02-09 02:41:31,316 [INFO] [2363/3000] Processing woman walking.svg...
2026-02-09 02:41:39,650 [INFO] [2364/3000] Processing server-cluster_7ugi.svg...
2026-02-09 02:41:49,427 [INFO] [2365/3000] Processing man making a phone call.svg...
2026-02-09 02:42:00,626 [INFO] [2366/3000] Processing new-year-2022_u0u4.svg...
2026-02-09 02:42:11,201 [INFO] [2367/3000] Processing data-analysis_b7cp.svg...
2026-02-09 02:42:25,343 [INFO] [2368/3000] Processing add-color_6211.svg...
2026-02-09 02:42:46,971 [INFO] [2369/3000] Processing awards_faq6.svg...
2026-02-09 02:42:58,250 [INFO] [2370/3000] Processing a_man_typing.svg...
2026-02-09 02:43:11,686 [INFO] [2371/3000] Processing math_ldpv.svg...
2026-02-09 02:43:24,797 [INFO] [2372/3000] Processing kx.svg...
2026-02-09 02:43:34,258 [INFO] [2373/3000] Processing robotics_0czc.svg...
2026-02-09 02:43:45,888 [INFO] [2374/3000] Processing office-snack_7o81.svg...
2026-02-09 02:43:56,491 [INFO] [2375/3000] Processing a_small_child.svg...
2026-02-09 02:44:06,726 [INFO] [2376/3000] Processing a person painting on a canvas.svg...
2026-02-09 02:44:15,785 [INFO] Batch completed. Processed 2376 files.
